source,target,tgt_lng
PID controllers,PID控制器,
process control,过程控制,
industries,工业,
retuning control parameters,再整定控制参数,
robustness,鲁棒性,
simplicity,简单性,
ease,便利性,
speed overshoot,速度超调,
sluggish response,响应迟缓,
load torque,负载扭矩,
controller gains,控制器增益,
system models,系统模型,
variables,变量,
S.B. Joseph,S.B. Joseph,
Bansal et al.,Bansal等人,
Abbasi and Naghavi,Abbasi和Naghavi,
Åström and Hägglund,Åström和Hägglund,
Bennett,Bennett,
Kushwah and Patra,Kushwah和Patra,
Elsevier,Elsevier,
CC BY-NC-ND,CC BY-NC-ND,
Heliyon,Heliyon,
ScienceDirect,ScienceDirect,
PID controller,PID控制器,
metaheuristic algorithm,元启发式算法,
Stephen Bassi Joseph,Stephen Bassi Joseph,
Emmanuel Gbenga Dada,Emmanuel Gbenga Dada,
Afeez Abidemi,Afeez Abidemi,
David Opeoluwa Oyewola,David Opeoluwa Oyewola,
Ban Mohammed Khammas,Ban Mohammed Khammas,
University of Maiduguri,迈杜古里大学,
Nigeria,尼日利亚,
"Federal University of Technology, Akure",联邦理工大学阿库雷分校,
Federal University Kashere,卡谢雷联邦大学,
Al-Nahrain University,纳赫赖因大学,
Baghdad,巴格达,
Iraq,伊拉克,
PID controller tuning,PID控制器参数整定,
soft computing,软计算,
machine learning,机器学习,
Ziegler Nichols closed loop oscillation,齐格勒-尼科尔斯闭环振荡,
Cohen-Coon's process reaction curve,科恩-库恩过程反应曲线,
feedback control,反馈控制,
proportional-integral-derivative (PID) controller,比例-积分-微分（PID）控制器,
P-mode,P模式,
PI mode,PI模式,
PD-mode,PD模式,
PID mode,PID模式,
Controller tuning,控制器整定,
feedback controllers,反馈控制器,
dynamic systems,动态系统,
control engineering,控制工程,
PID control,PID控制,
nonlinear systems,非线性系统,
Ziegler and Nichols,Ziegler and Nichols,
linear systems stabilization,线性系统镇定,
Lozano et al.,Lozano等人,
control variables,控制变量,
closed-loop control system,闭环控制系统,
stability,稳定性,
durability,持久性,
performance tracking,性能跟踪,
performance measurement,性能测量,
noise reduction,降噪,
disturbance rejection,扰动抑制,
environmental uncertainties,环境不确定性,
PID tuning strategies,PID整定策略,
Moradi,Moradi,
Johnson and Moradi,Johnson and Moradi,
process model,过程模型,
Model free methods,无模型方法,
Non-parametric model methods,非参数模型方法,
steady state representation,稳态表示,
critical frequency locations,临界频率点,
In-depth data methods,深度数据方法,
subspace strategy,子空间策略,
grey knowledge,灰色知识,
fuzzy logic systems,模糊逻辑系统,
Parametric model methods,参数模型方法,
online identification,在线辨识,
offline PID tuning,离线PID整定,
Non-Optimal Parametric,非最优参数方法,
optimal (Restricted Structure control),最优（受限结构控制）,
optimal (control signal matching),最优（控制信号匹配）,
Moradi (2003),Moradi (2003),
Johnson and Moradi (2005),Johnson and Moradi (2005),
PID parameters tuning,PID参数整定,
Bansal et al. (2012),Bansal 等 (2012),
Classical Techniques,经典方法,
Computational Techniques,计算方法,
"Ziegler and Nichols (1942, 1993) method","Ziegler-Nichols 方法 (1942, 1993)",
Cohen (1953) method,Cohen 方法 (1953),
cost function,代价函数,
Integral Absolute Error (IAE),积分绝对误差 (IAE),
Integral Square Error (ISE),积分平方误差 (ISE),
Integral Time Absolute Error (ITAE),积分时间绝对误差 (ITAE),
Integral Time Square Error (ITSE),积分时间平方误差 (ITSE),
Mean Square Error (MSE),均方误差 (MSE),
Integral Error (IE),积分误差 (IE),
Artificial Immune System algorithm,人工免疫系统算法,
"Kim et al., 2002","Kim 等, 2002",
"Shatnawi and Quwaider, 2019","Shatnawi 和 Quwaider, 2019",
"Quwaider and Shatnawi, 2020","Quwaider 和 Shatnawi, 2020",
Simulated annealing,模拟退火,
"Haber et al., 2007","Haber 等, 2007",
Particle Swarm Optimization (PSO),粒子群优化 (PSO),
"Bassi et al., 2011","Bassi 等, 2011",
self tuning,自整定,
automatic tuning,自动整定,
Rodríguez-Molina et al. (2020),Rodríguez-Molina 等 (2020),
Villarreal-Cervantes and Alvarez-Gallegos (2016),Villarreal-Cervantes 和 Alvarez-Gallegos (2016),
Ang et al. (2005),Ang 等 (2005),
Analytical methods,解析方法,
"Lyapunov (Li et al., 2009)","Lyapunov (Li 等, 2009)",
root locus,根轨迹,
Baker (2011),Baker (2011),
linear system,线性系统,
nonlinear system,非线性系统,
frequency response,频率响应,
internal model control,内模控制,
lambda method,λ方法,
E.G. Dada,E.G. Dada,
A. Abidemi,A. Abidemi,
Parkinson's disease,帕金森病,
modified grey wolf optimization,改进灰狼优化,
Cogn. Syst. Res.,Cogn. Syst. Res.,
Brushless DC motor controller,无刷直流电机控制器,
International Conference on Electrical Drives & Power Electronics,国际电力驱动与电力电子会议,
EDPE,EDPE,
IEEE,IEEE,
Congestion control,拥塞控制,
ATM networks,ATM网络,
immune algorithm,免疫算法,
International Conference on Information and Communication Systems,国际信息与通信系统会议,
ICICS,ICICS,
Farmland fertility,农田肥力,
continuous optimization problems,连续优化问题,
Appl. Soft Comput.,应用软计算,
krill herd algorithm,磷虾群算法,
frequency stabilizing,频率稳定,
isolated wind-diesel system,孤立风柴系统,
International Conference on Artificial Intelligence,国际人工智能会议,
ICAI,ICAI,
The Steering Committee of the World Congress in Computer Science,世界计算机科学大会指导委员会,
corporate financial distress,企业财务困境,
America banking industry,美国银行业,
Neural Comput. Appl.,Neural Comput. Appl.,
evolutionary computation algorithms,进化计算算法,
Inf. Sci.,Inf. Sci.,
process optimization,过程优化,
"Simulated Annealing: Introduction, Applications and Theory",模拟退火：介绍、应用与理论,
Int. J. Artif. Intell. Tools,Int. J. Artif. Intell. Tools,
robust PID control,鲁棒PID控制,
pre-filter,预滤波器,
perfect itae performance criterion,完美ITAE性能准则,
heavy-duty gas turbine fuel system,重型燃气轮机燃料系统,
Int. J. Adv. Eng. Res. Sci.,Int. J. Adv. Eng. Res. Sci.,
Biogeography-based optimization,基于生物地理学的优化,
IEEE Trans. Evol. Comput.,IEEE Trans. Evol. Comput.,
ant colony algorithm,蚁群算法,
position control of DC motor,直流电机位置控制,
International Conference on Renewable Energy Research and Applications,国际可再生能源研究与应用会议,
ICRERA,ICRERA,
PID tuning,PID整定,
servo motor,伺服电机,
bat algorithm,蝙蝠算法,
Proc. Comput. Sci.,Proc. Comput. Sci.,
BFO algorithm,细菌觅食优化算法,
MIMO process,多输入多输出过程,
Indian J. Sci. Technol.,Indian J. Sci. Technol.,
simple PID tuning rules,简单PID整定规则,
AIChE Annual Meeting,AIChE年会,
"Reno, Nevada",内华达州里诺,
Robust feedback controller design,鲁棒反馈控制器设计,
cuckoo search optimization,布谷鸟搜索优化,
stability radius,稳定半径,
International Conference on Robot Intelligence Technology and Applications,国际机器人智能技术与应用会议,
Springer,Springer,
particle swarm optimization,粒子群优化,
International Conference on Machine Learning and Cybernetics,国际机器学习与控制论会议,
BF-PSO,BF-PSO,
ISE,ISE,
IAE,IAE,
IATE,IATE,
MSE,MSE,
Int. J. Adv. Res. Comput. Eng. Technol.,Int. J. Adv. Res. Comput. Eng. Technol.,
Concepts of Chemical Engineering for Chemists,化学工程师的化学工程概念,
Royal Society of Chemistry,皇家化学学会,
Genetic algorithm,遗传算法,
self tuning regulator,自整定调节器,
ball and hoop system,球环系统,
Conference on Emerging Devices and Smart Systems,新兴器件与智能系统会议,
ICEDSS,ICEDSS,
PID controller tuning methods,PID控制器整定方法,
three tank level process,三水箱液位过程,
Int. J. Adv. Res. Electr. Electron. Instrum. Eng.,Int. J. Adv. Res. Electr. Electron. Instrum. Eng.,
PSO algorithms,粒子群优化算法,
Chin. J. Mech. Eng.,Chin. J. Mech. Eng.,
heuristic and metaheuristic algorithms,启发式和元启发式算法,
constrained Weber problem,约束韦伯问题,
feasible region bounded by arcs,弧形边界可行域,
Math. Probl. Eng.,Math. Probl. Eng.,
Differential evolution,差分进化,
global optimization,全局优化,
J. Glob. Optim.,J. Glob. Optim.,
proportional integral controller,比例积分控制器,
fixed-speed wind turbine,定速风力涡轮机,
grey wolf optimizer,灰狼优化器,
Int. J. Electr. Comput. Eng.,Int. J. Electr. Comput. Eng.,
Orthogonal simulated annealing,正交模拟退火,
multiobjective optimization,多目标优化,
Comput. Chem. Eng.,Comput. Chem. Eng.,
J. Oper. Res. Soc.,J. Oper. Res. Soc.,
Ant colony,蚁群,
feedback controller,反馈控制器,
soft-starter fed induction motor drive,软启动供电的感应电机驱动,
case-based reasoning,案例推理,
water quality assessment,水质评估,
International Conference on Advanced Intelligent System and Informatics,国际先进智能系统与信息学会议,
AISI2015,AISI2015,
"Beni Suef, Egypt",埃及贝尼苏韦夫,
POPMUSIC,POPMUSIC,
partial optimization metaheuristic,部分优化元启发式,
Essays and Surveys in Metaheuristics,元启发式论文与综述,
Metaheuristics: from Design to Implementation,元启发式：从设计到实现,
John Wiley & Sons,John Wiley & Sons,
MIMO processes,多输入多输出过程,
improved particle swarm optimization,改进粒子群优化,
Circuits Syst. Signal Process.,电路系统与信号处理,
multivariable on-line adaptive PID controller,多变量在线自适应PID控制器,
auto-tuning neurons,自调谐神经元,
Eng. Appl. Artif. Intell.,工程应用人工智能,
PID controller for automatic voltage regulator,自动电压调节器PID控制器,
teaching–learning based optimization technique,教与学优化技术,
Int. J. Electr. Power Energy Syst.,国际电力能源系统杂志,
analytic network process,分析网络过程,
turbo particle swarm optimization algorithm,涡轮粒子群优化算法,
non-balanced supply chain planning,非平衡供应链规划,
supplier relationship management,供应商关系管理,
Trans. Inst. Meas. Control,测量与控制学会会刊,
Reliability design optimization of composite structures,复合材料结构可靠性设计优化,
PSO,粒子群优化,
FEA,有限元分析,
Chin. J. Aeronaut.,中国航空学报,
WOA-based optimization approach,基于鲸鱼优化算法的优化方法,
task scheduling in cloud computing systems,云计算系统中的任务调度,
IEEE Syst. J.,IEEE系统杂志,
Quadratic interpolation,二次插值,
teaching-learning-based optimization,教与学优化,
chemical dynamic system optimization,化学动态系统优化,
Knowl.-Based Syst.,基于知识的系统,
Teaching-learning-based optimization with learning enthusiasm mechanism,具有学习热情机制的教与学优化,
chemical engineering,化学工程,
J. Appl. Math.,应用数学杂志,
enhanced particle swarm optimization algorithm,增强粒子群优化算法,
antiaircraft fire distribution,防空火分配,
Ordnance Ind. Autom.,兵工自动化,
Metaheuristics,元启发式,
Tuning PID controller using multiobjective ant colony optimization,使用多目标蚁群优化整定PID控制器,
Appl. Comput. Intell. Soft Comput.,应用计算智能与软计算,
Optimizing tactical military manets,优化战术军事移动自组网,
specialized pso,专用粒子群优化,
IEEE Congress on Evolutionary Computation,IEEE进化计算大会,
Cat swarm optimization,猫群优化,
Pacific Rim International Conference on Artificial Intelligence,环太平洋国际人工智能会议,
Transforming geocentric Cartesian coordinates to geodetic coordinates,地心笛卡尔坐标到大地坐标的转换,
differential search algorithm,差分搜索算法,
Comput. Geosci.,计算机与地球科学,
Theoretical consideration of retarded control,延迟控制的理论考虑,
Trans. Am. Soc. Mech. Eng.,美国机械工程师学会会刊,
evolutionary algorithms toward spacecraft attitude control,航天器姿态控制的进化算法,
Advances in Spacecraft Attitude Control,航天器姿态控制进展,
scatter search evolutionary algorithm,分散搜索进化算法,
3d image registration,三维图像配准,
Pattern Recognit. Lett.,模式识别快报,
Meta-heuristic optimization techniques,元启发优化技术,
robotics,机器人学,
Recent Advances on Meta-Heuristics and Their Application to Real Scenarios,元启发式算法及其在真实场景中的应用最新进展,
Accelerated simulated annealing algorithm,加速模拟退火算法,
flexible job shop scheduling problem,柔性作业车间调度问题,
Int. Trans. Oper. Res.,国际运筹学交易,
Primal-dual asynchronous particle swarm optimisation,原始-对偶异步粒子群优化,
hybrid metaheuristic algorithm,混合元启发算法,
global optimisation problems,全局优化问题,
Am. J. Eng. Res.,美国工程研究杂志,
hybrid primal-dual-PSO,混合原始-对偶粒子群优化,
swarm robotics flocking strategy,群机器人聚集策略,
Second International Conference on Computing Technology and Information Management,第二届计算技术与信息管理国际会议,
PDPSO,PDPSO,
primal-dual interior point method,原始-对偶内点法,
particle swarm optimization algorithm,粒子群优化算法,
Malays. J. Comput. Sci.,马来西亚计算机科学杂志,
multi-robot pattern formation,多机器人模式形成,
Int. J. Adv. Res. Comput. Sci. Tech.,国际计算机科学与技术高级研究杂志,
Optimal tuning of PID controller using GWO algorithm,使用灰狼优化算法优化整定PID控制器,
speed control in DC motor,直流电机速度控制,
International Conference on Soft Computing Techniques and Implementations,软计算技术与实现国际会议,
Bacterial foraging optimization algorithm,细菌觅食优化算法,
Foundations of Computational Intelligence,计算智能基础,
bio inspired meta heuristic based clustering protocols,基于生物启发元启发式的聚类协议,
wireless sensor networks,无线传感器网络,
"IOP Conf. Ser., Mater. Sci. Eng.",IOP会议系列：材料科学与工程,
Load frequency control,负荷频率控制,
non-integer type PID controller,非整数型PID控制器,
WOA,WOA,
"IEEE International Conference on Power Electronics, Intelligent Control and Energy Systems",IEEE电力电子、智能控制与能源系统国际会议,
Meta-heuristic algorithms in medical image segmentation,医学图像分割中的元启发算法,
Advancements in Applied Metaheuristic Computing,应用元启发式计算进展,
Chaotic artificial bee colony algorithm,混沌人工蜂群算法,
system identification,系统辨识,
small-scale unmanned helicopter,小型无人直升机,
Int. J. Aerosp. Eng.,国际航空航天工程杂志,
tuning of PID controller for industrial process,工业过程PID控制器整定,
soft computing techniques,软计算技术,
Int. J. Pure Appl. Math.,国际纯粹与应用数学杂志,
PID optimization for automatic voltage regulator,自动电压调节器的PID优化,
Int. J. Eng. Sci. Res. Tech.,国际工程科学研究与技术杂志,
new generation metaheuristic algorithms,新一代元启发式算法,
Comput. Ind. Eng.,计算机与工业工程,
Hybrid optimization algorithm,混合优化算法,
wolf pack search,狼群搜索,
local search,局部搜索,
traveling salesman problem,旅行商问题,
J. Shanghai Jiaotong Univ.,上海交通大学学报,
Donyagard Vahed,Donyagard Vahed,
Ghobaei-Arani,Ghobaei-Arani,
Souri,Souri,
Int. J. Commun. Syst.,International Journal of Communication Systems,
Dorigo,Dorigo,
"Optimization, learning and natural algorithms",优化、学习与自然算法,
Politecnico di Milano,米兰理工大学,
Italy,意大利,
Birattari,Birattari,
Stutzle,Stutzle,
Ant colony optimization,蚁群优化,
IEEE Comput. Intell. Mag.,IEEE Computational Intelligence Magazine,
Maniezzo,Maniezzo,
Colorni,Colorni,
Ant system,蚁群系统,
"IEEE Trans. Syst. Man Cybern., Part B, Cybern.","IEEE Transactions on Systems, Man, and Cybernetics, Part B: Cybernetics",
DrEO,DrEO,
Aumasson,Aumasson,
Tfaili,Tfaili,
Siarry,Siarry,
Adaptive learning search,自适应学习搜索,
Eberhart,Eberhart,
Kennedy,Kennedy,
A new optimizer using particle swarm theory,使用粒子群理论的新优化器,
MHS'95. Proceedings of the Sixth International Symposium on Micro Machine and Human Science,第六届微机械与人类科学国际研讨会论文集,
Eglese,Eglese,
Eur. J. Oper. Res.,European Journal of Operational Research,
El-Deen,El-Deen,
Mahmoud,Mahmoud,
El-Sawi,El-Sawi,
Optimal PID tuning for DC motor speed controller based on genetic algorithm,基于遗传算法的直流电机速度控制器最优PID整定,
Int. Rev. Autom. Control,International Review of Automatic Control,
El-Telbany,El-Telbany,
Tuning PID controller for DC motor,直流电机PID控制器整定,
artificial bees optimization,人工蜂群优化,
Int. J. Comput. Appl.,International Journal of Computer Applications,
Elhosseini,Elhosseini,
Haikal,Haikal,
Badawy,Badawy,
Khashan,Khashan,
Biped robot stability based on an A-C parametric whale optimization algorithm,基于A-C参数鲸鱼优化算法的双足机器人稳定性,
J. Comput. Sci.,Journal of Computer Science,
Elshaer,Elshaer,
Awad,Awad,
Elsrogy,Elsrogy,
Fkirin,Fkirin,
Hassan,Hassan,
Speed control of DC motor using PID controller based on artificial intelligence techniques,基于人工智能技术的PID控制器直流电机速度控制,
"2013 International Conference on Control, Decision and Information Technologies. CoDIT",2013年控制、决策与信息技术国际会议,
Emary,Emary,
Zawbaa,Zawbaa,
Grosan,Grosan,
Hassenian,Hassenian,
Feature subset selection approach by gray-wolf optimization,基于灰狼优化的特征子集选择方法,
Afro-European Conference for Industrial Advancement,非洲-欧洲工业进步会议,
Hassanien,Hassanien,
Binary grey wolf optimization approaches for feature selection,用于特征选择的二元灰狼优化方法,
Neurocomputing,Neurocomputing,
Emmanuel,Emmanuel,
Inyiama,Inyiama,
A survey of controller design methods for a robot manipulator in harsh environments,恶劣环境下机器人机械臂控制器设计方法综述,
Eur. J. Eng. Technol.,European Journal of Engineering and Technology,
Eshtay,Eshtay,
Faris,Faris,
Obeid,Obeid,
Expert Syst. Appl.,专家系统与应用,
Expósito-Izquierdo,Expósito-Izquierdo,
Expósito-Márquez,Expósito-Márquez,
A survey of the cuckoo search and its applications in real-world optimization problems,布谷鸟搜索及其在现实世界优化问题中的应用综述,
Handbook of Research on Soft Computing and Nature-Inspired Algorithms,软计算与自然启发算法研究手册,
IGI Global,IGI Global,
Farmer,Farmer,
Packard,Packard,
Perelson,Perelson,
"The immune system, adaptation, and machine learning",免疫系统、适应与机器学习,
Physica D,Physica D,
Findik,Findik,
Bull optimization algorithm based on genetic operators for continuous optimization problems,基于遗传算子的公牛优化算法用于连续优化问题,
Turk. J. Electr. Eng. Comput. Sci.,Turkish Journal of Electrical Engineering and Computer Sciences,
Fister,Fister,
Fister Jr.,Fister Jr.,
Šafariˇc,Šafariˇc,
Parameter tuning of PID controller with reactive nature-inspired algorithms,基于反应性自然启发算法的PID控制器参数整定,
Robot. Auton. Syst.,Robotics and Autonomous Systems,
Yang,Yang,
Cuckoo search,布谷鸟搜索,
Cuckoo Search and Firefly Algorithm,布谷鸟搜索与萤火虫算法,
Fonseca,Fonseca,
Fleming,Fleming,
Genetic algorithms for multiobjective optimization,多目标优化的遗传算法,
Icga,Icga,
Citeseer,Citeseer,
Fouskakis,Fouskakis,
Draper,Draper,
Stochastic optimization,随机优化,
Int. Stat. Rev.,International Statistical Review,
Fraga-Gonzalez,Fraga-Gonzalez,
Fuentes-Aguilar,Fuentes-Aguilar,
Garcia-Gonzalez,Garcia-Gonzalez,
Sanchez-Ante,Sanchez-Ante,
Adaptive simulated annealing for tuning PID controllers,用于PID控制器整定的自适应模拟退火,
AI Commun.,AI Communications,
Freeman,Freeman,
Krstic,Krstic,
Kokotovic,Kokotovic,
Robustness of adaptive nonlinear control to bounded uncertainties,自适应非线性控制对有界不确定性的鲁棒性,
Automatica,Automatica,
Pun,Pun,
Gao,Gao,
Mob. Netw. Appl.,Mobile Networks and Applications,
Gandomi,Gandomi,
Alavi,Alavi,
Krill herd,磷虾群,
Commun. Nonlinear Sci. Numer. Simul.,Communications in Nonlinear Science and Numerical Simulation,
Chaotic bat algorithm,混沌蝙蝠算法,
Talatahari,Talatahari,
Firefly algorithm with chaos,混沌萤火虫算法,
Ganguly,Ganguly,
Sahoo,Sahoo,
Das,Das,
Fuzzy Sets Syst.,Fuzzy Sets and Systems,
Garpinger,Garpinger,
Hägglund,Hägglund,
Åström,Åström,
Performance and robustness trade-offs in PID control,PID控制的性能与鲁棒性权衡,
J. Process Control,Journal of Process Control,
Geem,Geem,
Solution quality improvement in chiller loading optimization,冷水机组负荷优化中的解质量改进,
Appl. Therm. Eng.,Applied Thermal Engineering,
Kim,Kim,
Loganathan,Loganathan,
A new heuristic optimization algorithm: harmony search,一种新的启发式优化算法：和声搜索,
Simulation,Simulation,
Gharehchopogh,Gharehchopogh,
Gholizadeh,Gholizadeh,
A comprehensive survey: whale optimization algorithm and its applications,综合综述：鲸鱼优化算法及其应用,
Swarm Evol. Comput.,群体进化计算,
Gholap,Gholap,
Naik Dessai,Naik Dessai,
Bagyaveereswaran,Bagyaveereswaran,
PID controller tuning using metaheuristic optimization algorithms for benchmark problems,基于元启发式优化算法的基准问题PID控制器整定,
Mater. Sci. Eng. Conf. Ser.,Materials Science and Engineering Conference Series,
Ghosal,Ghosal,
Darbar,Darbar,
Neogi,Neogi,
Tibarewala,Tibarewala,
Application of swarm intelligence computation techniques in PID controller tuning,群体智能计算技术在PID控制器整定中的应用,
"Abdel-Basset, M.","Abdel-Basset, M.",
"Abdel-Fatah, L.","Abdel-Fatah, L.",
"Sangaiah, A.K.","Sangaiah, A.K.",
Metaheuristic algorithms,元启发式算法,
Computational Intelligence for Multimedia Big Data on the Cloud with Engineering Applications,云上多媒体大数据工程应用的计算智能,
"Abraham, A.","Abraham, A.",
"Nedjah, N.","Nedjah, N.",
"de Macedo Mourelle, L.","de Macedo Mourelle, L.",
Evolutionary computation,进化计算,
genetic algorithms,遗传算法,
genetic programming,遗传编程,
Genetic Systems Programming,遗传系统编程,
"Abu-Mouti, F.S.","Abu-Mouti, F.S.",
"El-Hawary, M.E.","El-Hawary, M.E.",
artificial bee colony (ABC) algorithm,人工蜂群算法,
2012 IEEE International Systems Conference SysCon 2012,2012年IEEE国际系统会议SysCon 2012,
"Abualigah, L.M.","Abualigah, L.M.",
"Khader, A.T.","Khader, A.T.",
"Hanandeh, E.S.","Hanandeh, E.S.",
"Gandomi, A.H.","Gandomi, A.H.",
clustering techniques,聚类技术,
"Adhirai, S.","Adhirai, S.",
"Mahapatra, R.","Mahapatra, R.",
"Singh, P.","Singh, P.",
whale optimization algorithm,鲸鱼优化算法,
Matlab,Matlab,
Int. J. Comput. Inf. Eng.,国际计算机与信息工程杂志,
"Adubi, S.A.","Adubi, S.A.",
"Misra, S.","Misra, S.",
ant colony optimization algorithms,蚁群优化算法,
"2014 11th International Conference on Electronics, Computer and Computation",2014年第11届电子、计算机与计算国际会议,
ICECCO,ICECCO,
"Agarwal, J.","Agarwal, J.",
"Parmar, G.","Parmar, G.",
"Gupta, R.","Gupta, R.",
"Sikander, A.","Sikander, A.",
fractional order PID controller,分数阶PID控制器,
speed control of DC motor,直流电机速度控制,
Microsyst. Technol.,微系统技术,
"Agarwal, S.","Agarwal, S.",
"Yadav, D.","Yadav, D.",
"Verma, A.","Verma, A.",
speed control of PMSM drive,永磁同步电机驱动速度控制,
bacterial foraging optimization,细菌觅食优化,
UPCON,UPCON,
"Agrawal, V.","Agrawal, V.",
"Sharma, H.","Sharma, H.",
"Bansal, J.C.","Bansal, J.C.",
Proceedings of the International Conference on Soft Computing for Problem Solving,软计算解决问题国际会议论文集,
SocProS 2011,SocProS 2011,
"Akbarzadeh, A.","Akbarzadeh, A.",
"Shadkam, E.","Shadkam, E.",
cuckoo optimization algorithm,布谷鸟优化算法,
production planning problem,生产计划问题,
arXiv,arXiv,
"Al-Azza, A.A.","Al-Azza, A.A.",
"Al-Jodah, A.A.","Al-Jodah, A.A.",
"Harackiewicz, F.J.","Harackiewicz, F.J.",
Spider monkey optimization (SMO),蜘蛛猴优化,
2016 IEEE Radio and Wireless Symposium,2016年IEEE无线电与无线研讨会,
RWS,RWS,
"Al-Betar, M.A.","Al-Betar, M.A.",
"Awadallah, M.A.","Awadallah, M.A.",
"Faris, H.","Faris, H.",
"Yang, X.-S.","Yang, X.-S.",
"Alomari, O.A.","Alomari, O.A.",
Bat-inspired algorithms,蝙蝠启发算法,
natural selection mechanisms,自然选择机制,
"Al-Tashi, Q.","Al-Tashi, Q.",
"Kadir, S.J.A.","Kadir, S.J.A.",
"Rais, H.M.","Rais, H.M.",
"Mirjalili, S.","Mirjalili, S.",
"Alhussian, H.","Alhussian, H.",
Binary optimization,二元优化,
hybrid grey wolf optimization,混合灰狼优化,
feature selection,特征选择,
IEEE Access,IEEE Access,
"Alam, M.S.","Alam, M.S.",
"Singh, A.","Singh, A.",
"Guha, D.","Guha, D.",
load frequency control problem,负荷频率控制问题,
oppositional krill herd algorithm,对立磷虾群算法,
"2016 IEEE First International Conference on Control, Measurement and Instrumentation",2016年IEEE第一届控制、测量与仪器国际会议,
CMI,CMI,
"Alba, E.","Alba, E.",
"Luque, G.","Luque, G.",
"Nesmachnow, S.","Nesmachnow, S.",
Parallel metaheuristics,并行元启发式,
"Algabalawy, M.A.","Algabalawy, M.A.",
"Abdelaziz, A.Y.","Abdelaziz, A.Y.",
"Mekhamer, S.F.","Mekhamer, S.F.",
"Aleem, S.H.A.","Aleem, S.H.A.",
hybrid power generation systems,混合发电系统,
sine cosine optimization algorithm,正弦余弦优化算法,
J. Electr. Syst. Inf. Technol.,电气系统与信息技术杂志,
"Ali, A.","Ali, A.",
"Majhi, S.","Majhi, S.",
bacterial foraging strategy,细菌觅食策略,
2006 IEEE International Conference on Industrial Technology,2006年IEEE工业技术国际会议,
"Alikhani, A.","Alikhani, A.",
"Suratgar, A.A.","Suratgar, A.A.",
"Nouri, K.","Nouri, K.",
"Nouredanesh, M.","Nouredanesh, M.",
"Salimi, S.","Salimi, S.",
Optimal PID tuning,最优PID整定,
"2nd International Conference on Control, Instrumentation, and Automation",第二届控制、仪器与自动化国际会议,
"de Almeida, B.S.G.","de Almeida, B.S.G.",
"Leite, V.C.","Leite, V.C.",
Swarm Intelligence,群体智能,
IntechOpen,IntechOpen,
Rijeka,里耶卡,
"Alqudah, A.","Alqudah, A.",
"Malkawi, A.","Malkawi, A.",
"Alwadie, A.","Alwadie, A.",
Adaptive control of DC-DC converter,DC-DC变换器自适应控制,
simulated annealing optimization method,模拟退火优化方法,
J. Signal Inf. Process.,信号与信息处理杂志,
"Alsmadi, M.K.","Alsmadi, M.K.",
Query-sensitive similarity measure,查询敏感相似度度量,
content-based image retrieval,基于内容的图像检索,
meta-heuristic algorithm,元启发式算法,
"J. King Saud Univ., Comput. Inf. Sci.",沙特国王大学学报：计算机与信息科学,
"Amaral, J.M.","Amaral, J.M.",
"Tanscheit, R.","Tanscheit, R.",
"Pacheco, M.A.","Pacheco, M.A.",
Tuning PID controllers,PID控制器整定,
"Ang, K.H.","Ang, K.H.",
"Chong, G.","Chong, G.",
"Li, Y.","Li, Y.",
PID control system,PID控制系统,
IEEE Trans. Control Syst. Technol.,IEEE控制系统技术汇刊,
"Annisa, J.","Annisa, J.",
"Darus, I.Z.M.","Darus, I.Z.M.",
"Tokhi, M.O.","Tokhi, M.O.",
"Mohamaddan, S.","Mohamaddan, S.",
PID based controller,基于PID的控制器,
evolutionary algorithm,进化算法,
double link flexible robotic manipulator,双连杆柔性机器人机械臂,
2018 International Conference on Computational Approach in Smart Systems Design and Applications,2018年智能系统设计与应用计算方法国际会议,
ICASSDA,ICASSDA,
"Anthony, K.","Anthony, K.",
"Ho, P.","Ho, P.",
Fundamental of PID control,PID控制基础,
pdhonline,pdhonline,
"Arora, S.","Arora, S.",
"Singh, S.","Singh, S.",
Butterfly optimization algorithm,蝴蝶优化算法,
Soft Comput.,软计算,
"Åström, K.J.","Åström, K.J.",
"Hägglund, T.","Hägglund, T.",
Automatic tuning of simple regulators,简单调节器自动整定,
phase and amplitude margins,相位裕度和幅值裕度,
"PID Controllers: Theory, Design, and Tuning",PID控制器：理论、设计与整定,
Instrument Society of America,美国仪器学会,
"Triangle Park, NC",北卡罗来纳州三角研究园,
Ziegler–Nichols step response method,齐格勒-尼科尔斯阶跃响应法,
"Atashpaz-Gargari, E.","Atashpaz-Gargari, E.",
"Lucas, C.","Lucas, C.",
Imperialist competitive algorithm,帝国主义竞争算法,
2007 IEEE Congress on Evolutionary Computation,2007年IEEE进化计算大会,
"Azad, A.S.","Azad, A.S.",
"Vasant, P.","Vasant, P.",
"Watada, J.","Watada, J.",
"Al Sokkalingam, R.","Al Sokkalingam, R.",
Meta-heuristic approaches,元启发式方法,
optimization of hydropower energy,水电能源优化,
Handbook of Research on Smart Technology Models for Business and Industry,商业与工业智能技术模型研究手册,
"Jain, M., Singh, V., Rani, A.","Jain, M., Singh, V., Rani, A.",
squirrel search algorithm,松鼠搜索算法,
"N., Gupta, R., Parmar, G.","N., Gupta, R., Parmar, G.",
Int. J. Adv. Electr. Electron. Eng.,国际高级电气与电子工程杂志,
"James, J., Li, V.O.","James, J., Li, V.O.",
social spider algorithm,社会蜘蛛算法,
"Jasim, M.H.","Jasim, M.H.",
bacterial foraging algorithm,细菌觅食算法,
position control,位置控制,
DC servo motor,直流伺服电机,
Eng. Technol. J.,工程技术杂志,
"Javidy, B., Hatamlou, A., Mirjalili, S.","Javidy, B., Hatamlou, A., Mirjalili, S.",
Ions motion algorithm,离子运动算法,
optimization problems,优化问题,
"Jayabarathi, T., Raghunathan, T., Gandomi, A.","Jayabarathi, T., Raghunathan, T., Gandomi, A.",
Nature-Inspired Algorithms and Applied Optimization,自然启发算法与应用优化,
"Jayanth, J., Koliwad, S., Kumar, T.A.","Jayanth, J., Koliwad, S., Kumar, T.A.",
remote sensed data,遥感数据,
artificial bee colony algorithm,人工蜂群算法,
Egypt. J. Remote Sens. Space Sci.,埃及遥感与空间科学杂志,
"Jhankal, N.K., Adhyaru, D.","Jhankal, N.K., Adhyaru, D.",
derivative free technique,无导数技术,
Nirma University International Conference on Engineering,Nirma大学国际工程会议,
"Jia, F., Lichti, D.","Jia, F., Lichti, D.",
optimal first-order design,最优一阶设计,
indoor TLS networks,室内TLS网络,
ISPRS Ann. Photogramm. Remote Sens. Spatial Inf. Sci.,ISPRS摄影测量、遥感与空间信息科学年鉴,
"Jin, Q., Shi, Y., Liu, Q., Chu, M., Zhang, Y.","Jin, Q., Shi, Y., Liu, Q., Chu, M., Zhang, Y.",
robust PID tuning,鲁棒PID调谐,
multiple objectives,多目标,
Chem. Eng. Commun.,化学工程通讯,
"Johnson, M., Moradi, M.","Johnson, M., Moradi, M.",
London,伦敦,
"Joseph, S.B., Dada, E.G.","Joseph, S.B., Dada, E.G.",
inverted pendulum,倒立摆,
particle swarm optimisation (PSO) algorithm,粒子群优化(PSO)算法,
FUDMA J. Sci.,FUDMA科学杂志,
"Joseph, S.B., Emmanuel, G.D.","Joseph, S.B., Emmanuel, G.D.",
proportional integral derivative controller,比例积分微分控制器,
Pac. J. Sci. Technol.,太平洋科学与技术杂志,
"Kalaiselvi, D., Radhakrishnan, R.","Kalaiselvi, D., Radhakrishnan, R.",
Multiconstrained qos routing,多约束QoS路由,
differentially guided krill herd algorithm,差分引导磷虾群算法,
mobile ad hoc networks,移动自组织网络,
"Kaliannan, J., Baskaran, A., Dey, N., Ashour, A.S.","Kaliannan, J., Baskaran, A., Dey, N., Ashour, A.S.",
Ant colony optimization algorithm,蚁群优化算法,
LFC,LFC,
single area power system,单区域电力系统,
non-linearity,非线性,
boiler dynamics,锅炉动力学,
World J. Model. Simul.,世界建模仿真杂志,
"Kaloust, J., Qu, Z.","Kaloust, J., Qu, Z.",
Robust control design,鲁棒控制设计,
nonlinear uncertain systems,非线性不确定系统,
unknown time-varying control direction,未知时变控制方向,
IEEE Trans. Autom. Control,IEEE Trans. Autom. Control,
"Kalra, M., Singh, S.","Kalra, M., Singh, S.",
metaheuristic scheduling techniques,元启发式调度技术,
cloud computing,云计算,
Egypt. Inform. J.,埃及信息学杂志,
"Karaboga, D.","Karaboga, D.",
honey bee swarm,蜜蜂群体,
numerical optimization,数值优化,
Technical Report,技术报告,
Erciyes University,埃尔吉耶斯大学,
Engineering Faculty,工程学院,
Scholarpedia,Scholarpedia,
"Karthick, P., Palanisamy, C.","Karthick, P., Palanisamy, C.",
Optimized cluster head selection,优化簇头选择,
wireless sensor network,无线传感器网络,
Automatika,Automatika,
"Kashan, A.H.","Kashan, A.H.",
League championship algorithm,联赛冠军算法,
numerical function optimization,数值函数优化,
International Conference of Soft Computing and Pattern Recognition,软计算与模式识别国际会议,
"Katal, N., Kumar, P., Narayan, S.","Katal, N., Kumar, P., Narayan, S.",
Optimal PID controller,最优PID控制器,
coupled-tank liquid-level control system,耦合水箱液位控制系统,
"International Conference on Power, Control and Embedded Systems",电力、控制与嵌入式系统国际会议,
"Kaushik, A., Indu, S., Gupta, D.","Kaushik, A., Indu, S., Gupta, D.",
grey wolf optimization,灰狼优化,
Wirel. Pers. Commun.,无线个人通信,
"Kaveh, A., Mahdavi, V.","Kaveh, A., Mahdavi, V.",
Colliding bodies optimization,碰撞体优化,
meta-heuristic method,元启发式方法,
Comput. Struct.,计算机与结构,
"Kaveh, A., Rastegar Moghaddam, M.","Kaveh, A., Rastegar Moghaddam, M.",
hybrid woa-cbo algorithm,混合WOA-CBO算法,
construction site layout planning,施工场地布局规划,
Sci. Iran.,伊朗科学,
"Kaveh, A., Zaerreza, A.","Kaveh, A., Zaerreza, A.",
Shuffled shepherd optimization method,洗牌牧羊人优化方法,
Engineering Computations,工程计算,
"Kennedy, J., Eberhart, R.","Kennedy, J., Eberhart, R.",
Proceedings of ICNN'95-International Conference on Neural Networks,ICNN'95-国际神经网络会议论文集,
"Khairuzzaman, A.K.M., Chaudhury, S.","Khairuzzaman, A.K.M., Chaudhury, S.",
Multilevel thresholding,多级阈值化,
image segmentation,图像分割,
"Khalilpourazari, S., Pasandideh, S.H.R., Ghodratnama, A.","Khalilpourazari, S., Pasandideh, S.H.R., Ghodratnama, A.",
Robust possibilistic programming,鲁棒可能性规划,
multi-item eoq model,多物品EOQ模型,
defective supply batches,有缺陷的供应批次,
whale optimization,鲸鱼优化,
water cycle algorithms,水循环算法,
"Khare, A., Rangnekar, S.","Khare, A., Rangnekar, S.",
solar photovoltaic system,太阳能光伏系统,
"Kim, D.H., Cho, J.H.","Kim, D.H., Cho, J.H.",
Adaptive tuning,自适应调谐,
multivariable system,多变量系统,
bacterial foraging based optimization,基于细菌觅食的优化,
International Atlantic Web Intelligence Conference,国际大西洋网络智能会议,
biologically inspired intelligent PID controller,生物启发智能PID控制器,
AVR systems,AVR系统,
Int. J. Control. Autom. Syst.,国际控制、自动化与系统杂志,
"Kim, D.H., Hong, W.P., Park, J.I.","Kim, D.H., Hong, W.P., Park, J.I.",
Auto-tuning of reference model based PID controller,基于参考模型的PID控制器自调谐,
Congress on Evolutionary Computation,进化计算大会,
"Kirkpatrick, S., Gelatt, C.D., Vecchi, M.P.","Kirkpatrick, S., Gelatt, C.D., Vecchi, M.P.",
Optimization by simulated annealing,模拟退火优化,
Science,Science,
"Kohli, M., Arora, S.","Kohli, M., Arora, S.",
Chaotic grey wolf optimization algorithm,混沌灰狼优化算法,
constrained optimization problems,约束优化问题,
J. Comput. Des. Eng.,计算机设计与工程杂志,
"Korani, W.M., Dorrah, H.T., Emara, H.M.","Korani, W.M., Dorrah, H.T., Emara, H.M.",
Bacterial foraging oriented by particle swarm optimization strategy,粒子群优化策略导向的细菌觅食,
IEEE International Symposium on Computational Intelligence in Robotics and Automation,IEEE计算智能在机器人自动化国际研讨会,
"Azar, A.T.","Azar, A.T.",
"Ammar, H.H.","Ammar, H.H.",
"Ibrahim, Z.F.","Ibrahim, Z.F.",
"Ibrahim, H.A.","Ibrahim, H.A.",
"Mohamed, N.A.","Mohamed, N.A.",
"Taha, M.A.","Taha, M.A.",
autonomous vehicle,自主车辆,
International Conference on Advanced Intelligent Systems and Informatics,高级智能系统与信息学国际会议,
"Azman, A.A.","Azman, A.A.",
"Rahiman, M.H.F.","Rahiman, M.H.F.",
"Mohammad, N.N.","Mohammad, N.N.",
"Marzaki, M.H.","Marzaki, M.H.",
"Taib, M.N.","Taib, M.N.",
"Ali, M.F.","Ali, M.F.",
PID Ziegler Nichols (ZN),PID齐格勒-尼科尔斯（ZN）,
Cohen-Coon (CC),科恩-库恩（CC）,
multi-tube aluminum sulphate water filter (MTAS),多管硫酸铝水过滤器,
IEEE 2nd International Conference on Automatic Control and Intelligent Systems,IEEE第二届自动控制与智能系统国际会议,
"Bagis, A.","Bagis, A.",
"Senberber, H.","Senberber, H.",
ABC algorithm,人工蜂群算法,
higher order oscillatory systems,高阶振荡系统,
"Baker, G.","Baker, G.",
"Bansal, H.O.","Bansal, H.O.",
"Sharma, R.","Sharma, R.",
"Shreeraman, P.","Shreeraman, P.",
PID controller tuning techniques,PID控制器整定技术,
"Bansal, R.","Bansal, R.",
"Jain, M.","Jain, M.",
"Bhushan, B.","Bhushan, B.",
multi-objective simulated annealing algorithm,多目标模拟退火算法,
temperature control system,温度控制系统,
6th IEEE Power India International Conference,第六届IEEE电力印度国际会议,
"Baselga, S.","Baselga, S.",
second order design,二阶设计,
geodetic networks,大地测量网络,
"Bassi, S.J.","Bassi, S.J.",
"Mishra, M.K.","Mishra, M.K.",
"Omizegba, E.E.","Omizegba, E.E.",
"Battiti, R.","Battiti, R.",
"Tecchiolli, G.","Tecchiolli, G.",
reactive tabu search,反应式禁忌搜索,
"Bayoumi, E.H.E.","Bayoumi, E.H.E.",
"Salem, F.","Salem, F.",
series-parallel resonant converters,串并联谐振变换器,
"Beheshti, Z.","Beheshti, Z.",
"Shamsuddin, S.M.H.","Shamsuddin, S.M.H.",
population-based meta-heuristic algorithms,基于种群的元启发式算法,
CAPSO,CAPSO,
centripetal accelerated particle swarm optimization,向心加速粒子群优化,
"Benbouabdallah, K.","Benbouabdallah, K.",
"Zhu, Q.-d.","Zhu, Q.-d.",
bacterial foraging oriented by particle swarm optimization,粒子群优化导向的细菌觅食,
Lyapunov-based controller,基于Lyapunov的控制器,
mobile robot target tracking,移动机器人目标跟踪,
Ninth International Conference on Natural Computation,第九届自然计算国际会议,
"Bennett, S.","Bennett, S.",
"A History of Control Engineering, 1930–1955",控制工程史：1930-1955,
"Bernstein, D.S.","Bernstein, D.S.",
"Beyer, H.-G.","Beyer, H.-G.",
"Schwefel, H.-P.","Schwefel, H.-P.",
evolution strategies,进化策略,
"Bhandari, A.K.","Bhandari, A.K.",
"Singh, V.K.","Singh, V.K.",
"Kumar, A.","Kumar, A.",
"Singh, G.K.","Singh, G.K.",
cuckoo search algorithm,布谷鸟搜索算法,
wind driven optimization,风驱动优化,
satellite image segmentation,卫星图像分割,
Kapur's entropy,Kapur熵,
"Bharat, S.","Bharat, S.",
"Ganguly, A.","Ganguly, A.",
"Chatterjee, R.","Chatterjee, R.",
"Basak, B.","Basak, B.",
"Sheet, D.K.","Sheet, D.K.",
tuning methods for PID controller,PID控制器整定方法,
"Bhatt, R.","Bhatt, R.",
WOA optimised PID controllers,鲸鱼优化算法优化的PID控制器,
interconnected thermal power systems,互联火电系统,
"Bhawana, S.","Bhawana, S.",
"Neelu, J.","Neelu, J.",
"Bingul, Z.","Bingul, Z.",
"Karahan, O.","Karahan, O.",
avr system,自动电压调节器系统,
"Biswas, K.","Biswas, K.",
"Vasant, P.M.","Vasant, P.M.",
"Vintaned, J.A.G.","Vintaned, J.A.G.",
3D well-path designs,三维井眼轨迹设计,
"Biswas, S.","Biswas, S.",
"Kundu, S.","Kundu, S.",
"Bose, D.","Bose, D.",
"Das, S.","Das, S.",
cooperative co-evolutionary teaching-learning based algorithm,协同共进教学学习算法,
large scale global optimization,大规模全局优化,
"Blum, C.","Blum, C.",
"Roli, A.","Roli, A.",
metaheuristics in combinatorial optimization,组合优化中的元启发式方法,
"BoussaïD, I.","BoussaïD, I.",
"Lepagnot, J.","Lepagnot, J.",
"Siarry, P.","Siarry, P.",
optimization metaheuristics,优化元启发式方法,
"Boyd, S.","Boyd, S.",
"Baratt, C.","Baratt, C.",
"Norman, S.","Norman, S.",
linear controller design,线性控制器设计,
convex optimization,凸优化,
"Brabazon, A.","Brabazon, A.",
"Cui, W.","Cui, W.",
"O'Neill, M.","O'Neill, M.",
raven roosting optimisation algorithm,乌鸦栖息优化算法,
"Brajevic, I.","Brajevic, I.",
"Tuba, M.","Tuba, M.",
firefly algorithm,萤火虫算法,
multilevel image thresholding,多级图像阈值化,
"Brogliato, B.","Brogliato, B.",
"Lozano, R.","Lozano, R.",
adaptive control of first-order nonlinear systems,一阶非线性系统的自适应控制,
"Bulbul, S.M.A.","Bulbul, S.M.A.",
"Pradhan, M.","Pradhan, M.",
"Roy, P.K.","Roy, P.K.",
"Pal, T.","Pal, T.",
opposition-based krill herd algorithm,反向磷虾群算法,
economic load dispatch problem,经济负荷分配问题,
"Burnwal, S.","Burnwal, S.",
"Deb, S.","Deb, S.",
scheduling optimization,调度优化,
flexible manufacturing system,柔性制造系统,
cuckoo search-based approach,基于布谷鸟搜索的方法,
"Černý, V.","Černý, V.",
"Chaib, L.","Chaib, L.",
"Choucha, A.","Choucha, A.",
"Arif, S.","Arif, S.",
fractional order PID power system stabilizer,分数阶PID电力系统稳定器,
"Chandrasekar, K.","Chandrasekar, K.",
"Paramasivam, B.","Paramasivam, B.",
"Chidambaram, I.A.","Chidambaram, I.A.",
power system restoration indices,电力系统恢复指标,
pi+ controller,PI+控制器,
restructured power system,重构电力系统,
facts devices,柔性交流输电系统设备,
"Rao, R.V.","Rao, R.V.",
"Kalyankar, V.","Kalyankar, V.",
"Savsani, V.J.","Savsani, V.J.",
"Vakharia, D.","Vakharia, D.",
Teaching–learning-based optimization,教与学优化,
constrained mechanical design optimization problems,约束机械设计优化问题,
Comput. Aided Des.,计算机辅助设计,
continuous non-linear large scale problems,连续非线性大规模问题,
"Rashedi, E.","Rashedi, E.",
"Nezamabadi-Pour, H.","Nezamabadi-Pour, H.",
"Saryazdi, S.","Saryazdi, S.",
GSA,引力搜索算法,
gravitational search algorithm,引力搜索算法,
"Razmjooy, N.","Razmjooy, N.",
"Khalilpour, M.","Khalilpour, M.",
"Ramezani, M.","Ramezani, M.",
meta-heuristic optimization algorithm,元启发优化算法,
FIFA world cup competitions,FIFA世界杯比赛,
PID designing,PID设计,
J. Control Autom. Electr. Syst.,控制自动化与电气系统杂志,
"Regad, M.","Regad, M.",
"Helaimi, M.","Helaimi, M.",
"Taleb, R.","Taleb, R.",
"Othman, A.M.","Othman, A.M.",
"Gabbar, H.A.","Gabbar, H.A.",
Frequency control of microgrid with renewable generation using PID controller based krill herd,基于磷虾群PID控制器的可再生能源微电网频率控制,
Indones. J. Electr. Eng. Inform.,印尼电气工程与信息杂志,
"Reis, V.","Reis, V.",
"Santos, M.","Santos, M.",
"Carmo, M.","Carmo, M.",
"Ferreira, F.","Ferreira, F.",
Control of level systems by Arduino via PC platform,基于Arduino通过PC平台的液位系统控制,
"2016 20th International Conference on System Theory, Control and Computing",2016年第20届系统理论、控制与计算国际会议,
ICSTCC,系统理论、控制与计算国际会议,
"Ribeiro, J.","Ribeiro, J.",
"Silva, M.","Silva, M.",
Comparison of PID controller tuning methods,PID控制器调优方法比较,
analytical/classical techniques,解析/经典技术,
optimization algorithms,优化算法,
2017 18th International Carpathian Control Conference,2017年第18届国际喀尔巴阡控制会议,
ICCC,国际喀尔巴阡控制会议,
"Rodríguez-Molina, A.","Rodríguez-Molina, A.",
"Mezura-Montes, E.","Mezura-Montes, E.",
"Villarreal-Cervantes, M.G.","Villarreal-Cervantes, M.G.",
"Aldape-Pérez, M.","Aldape-Pérez, M.",
Multi-objective meta-heuristic optimization in intelligent control,智能控制中的多目标元启发优化,
controller tuning problem,控制器调优问题,
"Ruano, A.E.","Ruano, A.E.",
"Ge, S.S.","Ge, S.S.",
"Guerra, T.M.","Guerra, T.M.",
"Lewis, F.L.","Lewis, F.L.",
"Principe, J.C.","Principe, J.C.",
"Colnariˇc, M.","Colnariˇc, M.",
Computational intelligence in control,控制中的计算智能,
Annu. Rev. Control,控制年度评论,
"Rubinstein, R.Y.","Rubinstein, R.Y.",
Optimization of computer simulation models with rare events,稀有事件计算机仿真模型优化,
"Saad, M.S.","Saad, M.S.",
"Jamaluddin, H.","Jamaluddin, H.",
"Darus, I.Z.","Darus, I.Z.",
PID controller tuning using evolutionary algorithms,基于进化算法的PID控制器调优,
WSEAS Trans. Syst. Control,WSEAS系统与控制汇刊,
"Saha, A.","Saha, A.",
"Saikia, L.C.","Saikia, L.C.",
restructured STPP-thermal power systems,重组后的STPP火力发电系统,
WOA optimised PIDN-FOPD controller,鲸鱼算法优化的PIDN-FOPD控制器,
IET Gener. Transm. Distrib.,IET发电、输电与配电,
"Sahu, B.K.","Sahu, B.K.",
"Pati, S.","Pati, S.",
"Mohanty, P.K.","Mohanty, P.K.",
"Panda, S.","Panda, S.",
Teaching–learning based optimization algorithm based fuzzy-PID controller,基于教与学优化算法的模糊PID控制器,
automatic generation control of multi-area power system,多区域电力系统自动发电控制,
"Sahu, R.K.","Sahu, R.K.",
"Rout, U.K.","Rout, U.K.",
"Sahoo, D.K.","Sahoo, D.K.",
"Sala, R.","Sala, R.",
"Müller, R.","Müller, R.",
Benchmarking for metaheuristic black-box optimization,元启发黑箱优化基准测试,
arXiv preprint,arXiv预印本,
"Salmani, M.H.","Salmani, M.H.",
"Eshghi, K.","Eshghi, K.",
smart structural algorithm (SSA),智能结构算法(SSA),
infeasible region,不可行域,
mixed integer problems,混合整数问题,
Int. J. Appl. Metaheuristic Comput.,国际应用元启发计算杂志,
"Sandoval, D.","Sandoval, D.",
"Soto, I.","Soto, I.",
"Adasme, P.","Adasme, P.",
Control of direct current motor using ant colony optimization,基于蚁群优化的直流电机控制,
CHILECON,智利电气电子工程与信息技术会议,
"dos Santos Coelho, L.","dos Santos Coelho, L.",
Chaos Solitons Fractals,混沌、孤子与分形,
"da Costa Silveira, C.","da Costa Silveira, C.",
2006 IEEE Conference on Computer Aided Control System Design,2006年IEEE计算机辅助控制系统设计会议,
2006 IEEE International Conference on Control Applications,2006年IEEE控制应用国际会议,
2006 IEEE International Symposium on Intelligent Control,2006年IEEE智能控制国际研讨会,
"Mariani, V.C.","Mariani, V.C.",
Comput. Math. Appl.,计算数学与应用,
"̧Sen, M.A.","̧Sen, M.A.",
"Kalyoncu, M.","Kalyoncu, M.",
Optimal tuning of PID controller using grey wolf optimizer algorithm for quadruped robot,基于灰狼优化算法的四足机器人PID控制器最优调优,
Balkan J. Electr. Comput. Eng.,巴尔干电气与计算机工程杂志,
"Sen, R.","Sen, R.",
"Pati, C.","Pati, C.",
"Dutta, S.","Dutta, S.",
Comparison between three tuning methods of PID control for high precision positioning stage,高精度定位平台PID控制三种调优方法比较,
Mapan,Mapan,
Fractional PID controller design for fractional order systems using ABC algorithm,基于ABC算法的分数阶系统分数阶PID控制器设计,
2017 Electronics,2017年电子学会议,
"Shah-Hosseini, H.","Shah-Hosseini, H.",
Intelligent water drops algorithm,智能水滴算法,
multiple knapsack problem,多背包问题,
Int. J. Intell. Comput. Cybern.,国际智能计算与控制论杂志,
Principal components analysis by the galaxy-based search algorithm,基于银河系搜索算法的主成分分析,
galaxy-based search algorithm,银河系搜索算法,
metaheuristic for continuous optimisation,连续优化元启发算法,
Int. J. Comput. Sci. Eng.,国际计算机科学与工程杂志,
"Shaheen, A.M.","Shaheen, A.M.",
"Spea, S.R.","Spea, S.R.",
"Farrag, S.M.","Farrag, S.M.",
"Abido, M.A.","Abido, M.A.",
meta-heuristic algorithms for reactive power planning problem,无功规划问题的元启发算法,
Ain Shams Eng. J.,Ain Shams工程杂志,
"Shahrokhi, M.","Shahrokhi, M.",
"Zomorrodi, A.","Zomorrodi, A.",
Department of Chemical & Petroleum Engineering Sharif University of Technology,谢里夫科技大学化学与石油工程系,
"Shair, E.F.","Shair, E.F.",
"Khor, S.","Khor, S.",
"Abdullah, A.","Abdullah, A.",
"Jaafar, H.","Jaafar, H.",
"Saharuddin, N.","Saharuddin, N.",
"Abidin, A.Z.","Abidin, A.Z.",
Cuckoo search approach for cutting stock problem,布谷鸟搜索方法在切割库存问题中的应用,
Int. J. Inform. Electr. Eng.,国际信息与电气工程杂志,
"Sharma, P.","Sharma, P.",
"Gupta, A.","Gupta, A.",
"Aggarwal, A.","Aggarwal, A.",
"Gupta, D.","Gupta, D.",
"Khanna, A.","Khanna, A.",
"Hassanien, A.E.","Hassanien, A.E.",
"de Albuquerque, V.H.C.","de Albuquerque, V.H.C.",
health of things,健康物联网,
classification of protein structure using improved grey wolf optimization,基于改进灰狼优化的蛋白质结构分类,
J. Supercomput.,超级计算杂志,
"Peram, M.","Peram, M.",
"Mishra, S.","Mishra, S.",
"Vemulapaty, M.","Vemulapaty, M.",
"Verma, B.","Verma, B.",
"Padhy, P.K.","Padhy, P.K.",
Optimal PI-PD and I-PD controller design,最优PI-PD和I-PD控制器设计,
2018 5th International Conference on Signal Processing and Integrated Networks,2018年第五届信号处理与集成网络国际会议,
SPIN,SPIN,
"Pham, Q.-V.","Pham, Q.-V.",
"Kumar, N.","Kumar, N.",
"Alazab, M.","Alazab, M.",
"Hwang, W.-J.","Hwang, W.-J.",
resource allocation in wireless networks,无线网络资源分配,
IEEE Trans. Veh. Technol.,IEEE车辆技术汇刊,
"Pierezan, J.","Pierezan, J.",
"Coelho, L.D.S.","Coelho, L.D.S.",
Coyote optimization algorithm,郊狼优化算法,
global optimization problems,全局优化问题,
2018 IEEE Congress on Evolutionary Computation,2018年IEEE进化计算大会,
CEC,CEC,
"Pijarski, P.","Pijarski, P.",
"Kacejko, P.","Kacejko, P.",
algorithm of the innovative gunner,创新枪手算法,
Eng. Optim.,工程优化,
"Pilla, R.","Pilla, R.",
"Botcha, N.","Botcha, N.",
"Gorripotu, T.S.","Gorripotu, T.S.",
Fuzzy PID controller,模糊PID控制器,
automatic generation control,自动发电控制,
interconnected power system,互联电力系统,
glow-worm swarm optimization,萤火虫群优化,
International Conference on Application of Robotics in Industry Using Advanced Mechanisms,工业机器人应用先进机制国际会议,
"Pirabakaran, K.","Pirabakaran, K.",
"Becerra, V.","Becerra, V.",
Automatic tuning of PID controllers,PID控制器自动整定,
model reference adaptive control techniques,模型参考自适应控制技术,
IECON'01,IECON'01,
27th Annual Conference of the IEEE Industrial Electronics Society,第27届IEEE工业电子学会年会,
"Prasad, L.B.","Prasad, L.B.",
"Tyagi, B.","Tyagi, B.",
"Gupta, H.O.","Gupta, H.O.",
nonlinear inverted pendulum system,非线性倒立摆系统,
LQR,LQR,
Int. J. Autom. Comput.,国际自动化与计算杂志,
"Premkumar, K.","Premkumar, K.",
"Manikandan, B.","Manikandan, B.",
Bat algorithm optimized fuzzy PD based speed controller,蝙蝠算法优化的模糊PD速度控制器,
brushless direct current motor,无刷直流电机,
Int. J. Eng. Sci. Technol.,国际工程科学与技术杂志,
"Priyambada, S.","Priyambada, S.",
Automatic voltage regulator,自动电压调节器,
TLBO algorithm,TLBO算法,
2014 9th International Conference on Industrial and Information Systems,2014年第九届工业与信息系统国际会议,
ICIIS,ICIIS,
"Priyambodo, T.K.","Priyambodo, T.K.",
"Putra, A.E.","Putra, A.E.",
"Dharmawan, A.","Dharmawan, A.",
ant colony logic,蚁群逻辑,
quadrotor stabilization,四旋翼无人机稳定,
2015 IEEE International Conference on Aerospace Electronics and Remote Sensing Technology,2015年IEEE航空航天电子与遥感技术国际会议,
ICARES,ICARES,
"Qasem, S.N.","Qasem, S.N.",
"Shamsuddin, S.M.","Shamsuddin, S.M.",
Memetic elitist Pareto differential evolution algorithm,模因精英帕累托差分进化算法,
radial basis function networks,径向基函数网络,
classification problems,分类问题,
"Qi, H.","Qi, H.",
"Altinakar, M.S.","Altinakar, M.S.",
agricultural land use planning,农业土地利用规划,
BMP,BMP,
integrated watershed management,综合流域管理,
J. Environ. Manag.,环境管理杂志,
"Qiao, W.","Qiao, W.",
"Yang, Z.","Yang, Z.",
Modified dolphin swarm algorithm,改进海豚群算法,
chaotic maps,混沌映射,
high-dimensional function optimization problems,高维函数优化问题,
"Qin, S.J.","Qin, S.J.",
Control performance monitoring,控制性能监控,
"Quwaider, M.","Quwaider, M.",
"Shatnawi, Y.","Shatnawi, Y.",
Neural network model,神经网络模型,
internet of things congestion control,物联网拥塞控制,
immune-hill-climbing algorithm,免疫爬山算法,
Simul. Model. Pract. Theory,仿真建模实践与理论,
"Rahmani, M.","Rahmani, M.",
"Ghanbari, A.","Ghanbari, A.",
"Ettefagh, M.M.","Ettefagh, M.M.",
Robust adaptive control,鲁棒自适应控制,
bio-inspired robot manipulator,仿生机器人操作臂,
"Komijani, H.","Komijani, H.",
Optimal novel super-twisting PID sliding mode control,最优新型超螺旋PID滑模控制,
MEMS gyroscope,MEMS陀螺仪,
multi-objective bat algorithm,多目标蝙蝠算法,
"Rajabioun, R.","Rajabioun, R.",
"Rajakumar, R.","Rajakumar, R.",
"Amudhavel, J.","Amudhavel, J.",
"Dhavachelvan, P.","Dhavachelvan, P.",
"Vengattaraman, T.","Vengattaraman, T.",
Grey wolf optimization algorithm,灰狼优化算法,
node localization problem,节点定位问题,
J. Comput. Netw. Commun.,计算机网络与通信杂志,
"Rajesh, R.J.","Rajesh, R.J.",
"Ananda, C.M.","Ananda, C.M.",
PSO tuned PID controller,PSO整定PID控制器,
camera position in UAV,无人机相机位置,
2-axis gimbal,两轴云台,
2015 International Conference on Power and Advanced Control Engineering,2015年电力与先进控制工程国际会议,
ICPACE,ICPACE,
"Rajinikanth, V.","Rajinikanth, V.",
"Latha, K.","Latha, K.",
I-PD controller tuning,I-PD控制器整定,
unstable system,不稳定系统,
Applied Computational Intelligence and Soft Computing,应用计算智能与软计算,
"Satapathy, S.C.","Satapathy, S.C.",
teaching learning based optimization,教与学优化,
Proc. Technol.,技术进展,
"Rakovic, S.","Rakovic, S.",
"Teel, A.","Teel, A.",
"Mayne, D.","Mayne, D.",
"Astolfi, A.","Astolfi, A.",
robust control invariant tubes,鲁棒控制不变管,
nonlinear discrete time systems,非线性离散时间系统,
45th IEEE Conference on Decision and Control,第45届IEEE决策与控制会议,
"Ramachandran, R.","Ramachandran, R.",
"Madasamy, B.","Madasamy, B.",
"Veerasamy, V.","Veerasamy, V.",
"Saravanan, L.","Saravanan, L.",
dynamic interconnected power system,动态互联电力系统,
generalised Hopfield neural network,广义Hopfield神经网络,
self-adaptive PID controller,自适应PID控制器,
"Ramaswamy, R.","Ramaswamy, R.",
"Sbalzarini, I.F.","Sbalzarini, I.F.",
partial-propensity variant,部分倾向变体,
composition-rejection stochastic simulation algorithm,组合拒绝随机模拟算法,
chemical reaction networks,化学反应网络,
J. Chem. Phys.,化学物理学报,
"Ramos-Figueroa, O.","Ramos-Figueroa, O.",
"Quiroz-Castellanos, M.","Quiroz-Castellanos, M.",
"Schütze, O.","Schütze, O.",
grouping problems,分组问题,
"Rani, B.S.","Rani, B.S.",
"Kumar, C.A.","Kumar, C.A.",
bacteria foraging optimization technique,细菌觅食优化技术,
Multi-Objective Swarm Intelligence,多目标群体智能,
"Rao, D.C.","Rao, D.C.",
"Kabat, M.R.","Kabat, M.R.",
"Das, P.K.","Das, P.K.",
"Jena, P.K.","Jena, P.K.",
Cooperative navigation planning,协同导航规划,
multiple mobile robots,多移动机器人,
improved krill herd,改进磷虾群,
Arab. J. Sci. Eng.,阿拉伯科学与工程杂志,
"Rao, R.","Rao, R.",
Jaya algorithm,Jaya算法,
constrained and unconstrained optimization problems,约束和无约束优化问题,
Int. J. Ind. Eng. Comput.,国际工业工程与计算杂志,
"Patel, V.","Patel, V.",
multi-objective improved teaching-learning based optimization algorithm,多目标改进教与学优化算法,
"Mange, J.","Mange, J.",
"Pace, S.","Pace, S.",
"Dunn, A.","Dunn, A.",
automated ground vehicle control,自动地面车辆控制,
dynamic terrain,动态地形,
International Conference on Scientific Computing,国际科学计算会议,
CSC,CSC,
"Marinakis, Y.","Marinakis, Y.",
"Marinaki, M.","Marinaki, M.",
bumble bees mating optimization algorithm,大黄蜂交配优化算法,
open vehicle routing problem,开放车辆路径问题,
"Martins, F.G.","Martins, F.G.",
ITAE criterion,ITAE准则,
Int. J. Eng. Educ.,Int. J. Eng. Educ.,
"McFarlane, D.","McFarlane, D.",
"Glover, K.","Glover, K.",
loop-shaping design procedure,回路成形设计程序,
"Medewar, P.","Medewar, P.",
"Munje, R.","Munje, R.",
PSO based PID controller tuning,基于粒子群优化的PID控制器整定,
PMDC motor,永磁直流电机,
International Conference on Energy Systems and Applications,国际能源系统与应用会议,
"Meena, D.","Meena, D.",
"Devanshu, A.","Devanshu, A.",
Genetic algorithm tuned PID controller,遗传算法整定PID控制器,
International Conference on Inventive Systems and Control,国际创新系统与控制会议,
ICISC,ICISC,
"Mehrabian, A.R.","Mehrabian, A.R.",
numerical optimization algorithm inspired from weed colonization,受杂草定殖启发的数值优化算法,
Ecol. Inform.,Ecol. Inform.,
"Meng, A.-b.","Meng, A.-b.",
"Chen, Y.-c.","Chen, Y.-c.",
"Yin, H.","Yin, H.",
"Chen, S.-z.","Chen, S.-z.",
Crisscross optimization algorithm,纵横交叉优化算法,
"Metropolis, N.","Metropolis, N.",
"Rosenbluth, A.W.","Rosenbluth, A.W.",
"Rosenbluth, M.N.","Rosenbluth, M.N.",
"Teller, A.H.","Teller, A.H.",
"Teller, E.","Teller, E.",
Equation of state calculations by fast computing machines,快速计算机的状态方程计算,
"Lewis, A.","Lewis, A.",
Adv. Eng. Softw.,Adv. Eng. Softw.,
"Mirjalili, S.M.","Mirjalili, S.M.",
"Saremi, S.","Saremi, S.",
photonic crystal filters,光子晶体滤波器,
Nature-Inspired Optimizers,自然启发优化器,
"Mohammed, H.M.","Mohammed, H.M.",
"Umar, S.U.","Umar, S.U.",
"Rashid, T.A.","Rashid, T.A.",
meta-analysis survey,荟萃分析调查,
Comput. Intell. Neurosci.,Comput. Intell. Neurosci.,
"Mohammed, N.F.","Mohammed, N.F.",
"Song, E.","Song, E.",
"Ma, X.","Ma, X.",
"Hayat, Q.","Hayat, Q.",
Tuning of PID controller of synchronous generators,同步发电机PID控制器整定,
IEEE International Conference on Mechatronics and Automation,IEEE机电一体化与自动化国际会议,
"Moradi, M.","Moradi, M.",
New techniques for PID controller design,PID控制器设计新技术,
IEEE Conference on Control Applications,IEEE控制应用会议,
CCA 2003,CCA 2003,
"Mosaad, A.M.","Mosaad, A.M.",
"Attia, M.A.","Attia, M.A.",
Whale optimization algorithm to tune PID and PIDA controllers,用于整定PID和PIDA控制器的鲸鱼优化算法,
"Mosaad, M.I.","Mosaad, M.I.",
"abed el Raouf, M.O.","abed el Raouf, M.O.",
"Al-Ahmar, M.A.","Al-Ahmar, M.A.",
"Banakher, F.A.","Banakher, F.A.",
Maximum power point tracking of PV system,光伏系统最大功率点跟踪,
Energy Proc.,Energy Proc.,
"Mucherino, A.","Mucherino, A.",
"Seref, O.","Seref, O.",
Monkey search,猴子搜索,
novel metaheuristic search,新型元启发式搜索,
AIP Conference Proceedings,AIP会议论文集,
"Mukherjee, P.","Mukherjee, P.",
"Das, A.","Das, A.",
"Bera, P.S.","Bera, P.S.",
Design of PID power system stabilizer,PID电力系统稳定器设计,
single machine infinite bus system,单机无穷大母线系统,
International Conference on Innovation in Modern Science and Technology,国际现代科学与技术创新会议,
"Muliadi, J.","Muliadi, J.",
"Kusumoputro, B.","Kusumoputro, B.",
Neural network control system,神经网络控制系统,
UAV altitude dynamics,无人机高度动力学,
J. Adv. Transp.,J. Adv. Transp.,
"Muro, C.","Muro, C.",
"Escobedo, R.","Escobedo, R.",
"Spector, L.","Spector, L.",
"Coppinger, R.","Coppinger, R.",
Wolf-pack (canis lupus) hunting strategies,狼群（灰狼）狩猎策略,
computational simulations,计算模拟,
Behav. Process.,Behav. Process.,
"Murrieta-Mendoza, A.","Murrieta-Mendoza, A.",
"Botez, R.M.","Botez, R.M.",
"Bunel, A.","Bunel, A.",
Four-dimensional aircraft en route optimization algorithm,四维飞机航路优化算法,
artificial bee colony,人工蜂群,
J. Aerosp. Inform. Syst.,J. Aerosp. Inform. Syst.,
"Nagaraj, B.","Nagaraj, B.",
"Subha, S.","Subha, S.",
"Rampriya, B.","Rampriya, B.",
Tuning algorithms for PID controller,PID控制器整定算法,
Int. J. Comput. Sci. Netw. Secur.,Int. J. Comput. Sci. Netw. Secur.,
"Nakrani, S.","Nakrani, S.",
"Tovey, C.","Tovey, C.",
honey bees and dynamic server allocation,蜜蜂与动态服务器分配,
internet hosting centers,互联网托管中心,
Adapt. Behav.,Adapt. Behav.,
"Natarajan, K.","Natarajan, K.",
"Gilbert, A.F.","Gilbert, A.F.",
direct PID controller tuning based on finite number of frequency response data,基于有限频率响应数据的直接PID控制器整定,
ISA Trans.,ISA Trans.,
"Nimisha, K.","Nimisha, K.",
"Senthilkumar, R.","Senthilkumar, R.",
optimal tuning of PID controller for buck-boost converter,升降压变换器PID控制器最优整定,
cuckoo-search algorithm,布谷鸟搜索算法,
"International Conference on Control, Power, Communication and Computing Technologies",国际控制、电力、通信与计算技术会议,
ICCPCCT,ICCPCCT,
"Nisi, K.","Nisi, K.",
"Agalya, A.","Agalya, A.",
Tuning of a PID controller using evolutionary multi objective optimization,基于进化多目标优化的PID控制器整定,
pulp and paper industry,纸浆与造纸工业,
Int. J. Mach. Learn. Cybern.,Int. J. Mach. Learn. Cybern.,
"Niu, B.","Niu, B.",
"Fan, Y.","Fan, Y.",
"Tan, L.","Tan, L.",
"Rao, J.","Rao, J.",
"Li, L.","Li, L.",
International Conference on Intelligent Computing,智能计算国际会议,
"Zhu, Y.","Zhu, Y.",
"He, X.","He, X.",
"Zeng, X.","Zeng, X.",
Optimum design of PID controllers using only a germ of intelligence,仅用智能萌芽的PID控制器优化设计,
World Congress on Intelligent Control and Automation,世界智能控制与自动化大会,
Nojhan,Nojhan,
Dreaming of metaheuristics,元启发式梦想,
"Passino, K.M.","Passino, K.M.",
Biomimicry of bacterial foraging for distributed optimization and control,细菌觅食的仿生学用于分布式优化与控制,
IEEE Control Syst. Mag.,IEEE Control Syst. Mag.,
"Patel, V.K.","Patel, V.K.",
multi-objective improved teaching–learning based optimization algorithm,多目标改进型教与学优化算法,
MO-ITLBO,MO-ITLBO,
"Patil, N.","Patil, N.",
"Lakhekar, G.","Lakhekar, G.",
Design of PID controller for cascade control process,串级控制过程PID控制器设计,
International Conference on Intelligent Computing and Control Systems,智能计算与控制系统国际会议,
ICICCS,ICICCS,
"Kotteeswaran, R.","Kotteeswaran, R.",
"Sivakumar, L.","Sivakumar, L.",
Optimal partial-retuning of decentralised PI controller,分散式PI控制器的最优部分重调,
coal gasifier,煤气化炉,
"International Conference on Swarm, Evolutionary, and Memetic Computing",国际群体、进化与模因计算会议,
"Kowalski, P.A.","Kowalski, P.A.",
"Łukasik, S.","Łukasik, S.",
Training neural networks with krill herd algorithm,使用磷虾群算法训练神经网络,
Neural Process. Lett.,Neural Process. Lett.,
"Krishnakumar, K.","Krishnakumar, K.",
"Goldberg, D.E.","Goldberg, D.E.",
Control system optimization using genetic algorithms,使用遗传算法进行控制系统优化,
J. Guid. Control Dyn.,J. Guid. Control Dyn.,
"Krishnanand, K.","Krishnanand, K.",
"Ghose, D.","Ghose, D.",
Detection of multiple source locations using a glowworm metaphor,使用萤火虫隐喻检测多个源位置,
collective robotics,集体机器人学,
IEEE Swarm Intelligence Symposium,IEEE群体智能研讨会,
"Bawa, S.","Bawa, S.",
Generalized ant colony optimizer,广义蚁群优化器,
swarm-based meta-heuristic algorithm,基于群体的元启发式算法,
cloud services execution,云服务执行,
Computing,Computing,
comparative review,比较综述,
SLA violation costs,SLA违规成本,
dynamic execution,动态执行,
cloud services,云服务,
"Kumar, D.","Kumar, D.",
"Jarial, S.","Jarial, S.",
artificial bee colony algorithms,人工蜂群算法,
data clustering,数据聚类,
Cybern. Inf. Technol.,Cybern. Inf. Technol.,
"Kumar, A.A.","Kumar, A.A.",
"Kumar, S.G.","Kumar, S.G.",
drilling machine,钻床,
ICAARS,ICAARS,
N. Kumar,N. Kumar,
"Vidyarthi, D.P.","Vidyarthi, D.P.",
novel hybrid pso–ga meta-heuristic,新型混合PSO-GA元启发式,
scheduling of DAG,DAG调度,
multiprocessor systems,多处理器系统,
Eng. Comput.,Eng. Comput.,
P. Kumar,P. Kumar,
"Nema, S.","Nema, S.",
"Padhy, P.","Padhy, P.",
cuckoo optimization,布谷鸟优化,
"International Conference on Control, Instrumentation, Communication and Computational Technologies",控制、仪器、通信与计算技术国际会议,
R. Kumar,R. Kumar,
"Singla, S.","Singla, S.",
"Chopra, V.","Chopra, V.",
well known control schemes,著名控制方案,
tuning methods,整定方法,
J. Appl. Res. Technol.,J. Appl. Res. Technol.,
"Kumari, S.","Kumari, S.",
"Arumugam, M.","Arumugam, M.",
bio-inspired krill herd algorithm,生物启发磷虾群算法,
breast cancer classification and diagnosis,乳腺癌分类与诊断,
"Kushwah, M.","Kushwah, M.",
"Patra, A.","Patra, A.",
Adv. Electron. Electr. Eng.,Adv. Electron. Electr. Eng.,
"Lahcene, R.","Lahcene, R.",
"Abdeldjalil, S.","Abdeldjalil, S.",
"Aissa, K.","Aissa, K.",
simulated annealing optimization algorithm,模拟退火优化算法,
International Conference on Electrical Engineering-Boumerdes,国际电气工程-布默德斯会议,
"Surekha, P.M.","Surekha, P.M.",
PSO-based PID controller design,基于PSO的PID控制器设计,
stable and unstable systems,稳定与不稳定系统,
ISRN Artificial Intelligence,ISRN Artificial Intelligence,
"Lazar, M.","Lazar, M.",
"Heemels, W.","Heemels, W.",
Predictive control of hybrid systems,混合系统的预测控制,
input-to-state stability results,输入到状态稳定性结果,
sub-optimal solutions,次优解,
"Lee, K.Y.","Lee, K.Y.",
"Park, J.-B.","Park, J.-B.",
economic dispatch problem,经济调度问题,
IEEE PES Power Systems Conference and Exposition,IEEE PES电力系统会议与展览,
"Lequin, O.","Lequin, O.",
"Gevers, M.","Gevers, M.",
"Triest, L.","Triest, L.",
settling time,调节时间,
iterative feedback tuning,迭代反馈整定,
IFAC Proc. Vol.,IFAC Proc. Vol.,
"Li, J.","Li, J.",
"Tang, Y.","Tang, Y.",
"Hua, C.","Hua, C.",
"Guan, X.","Guan, X.",
improved krill herd algorithm,改进的磷虾群算法,
krill herd with linear decreasing step,线性递减步长磷虾群,
Appl. Math. Comput.,Appl. Math. Comput.,
"Sun, L.","Sun, L.",
"Guo, J.","Guo, J.",
"Qi, J.","Qi, J.",
"Xu, B.","Xu, B.",
"Li, S.","Li, S.",
Modified discrete grey wolf optimizer algorithm,改进离散灰狼优化算法,
"Li, Q.","Li, Q.",
"Chen, H.","Chen, H.",
"Huang, H.","Huang, H.",
"Zhao, X.","Zhao, X.",
"Cai, Z.","Cai, Z.",
"Tong, C.","Tong, C.",
"Liu, W.","Liu, W.",
"Tian, X.","Tian, X.",
enhanced grey wolf optimization,增强灰狼优化,
kernel extreme learning machine,核极限学习机,
medical diagnosis,医学诊断,
Comput. Math. Methods Med.,Comput. Math. Methods Med.,
"Li, X.","Li, X.",
"Zhang, J.","Zhang, J.",
"Yin, M.","Yin, M.",
Animal migration optimization,动物迁移优化,
animal migration behavior,动物迁移行为,
"Li, X.H.","Li, X.H.",
"Yu, H.B.","Yu, H.B.",
"Yuan, M.Z.","Yuan, M.Z.",
Lyapunov approach,李雅普诺夫方法,
International Conference on Information Engineering and Computer Science,信息工程与计算机科学国际会议,
"Liao, W.","Liao, W.",
"Hu, Y.","Hu, Y.",
"Wang, H.","Wang, H.",
DC motor,直流电机,
International Conference on Advanced Mechatronic Systems,先进机电系统国际会议,
"Lipták, B.G.","Lipták, B.G.",
Instrument Engineers' Handbook,仪器工程师手册,
Process Measurement and Analysis,过程测量与分析,
CRC Press,CRC Press,
"Liu, J.","Liu, J.",
"Luo, X.G.","Luo, X.G.",
"Zhang, X.M.","Zhang, X.M.",
"Zhang, F.","Zhang, F.",
Job scheduling algorithm,作业调度算法,
Advanced Materials Research,Advanced Materials Research,
Trans. Tech. Publ.,Trans. Tech. Publ.,
"Loucif, F.","Loucif, F.",
"Kechida, S.","Kechida, S.",
"Sebbagh, A.","Sebbagh, A.",
trajectory tracking control,轨迹跟踪控制,
robot manipulator,机器人操作臂,
J. Braz. Soc. Mech. Sci. Eng.,J. Braz. Soc. Mech. Sci. Eng.,
"Valera, A.","Valera, A.",
"Albertos, P.","Albertos, P.",
"Arimoto, S.","Arimoto, S.",
"Nakayama, T.","Nakayama, T.",
PD control,PD控制,
joint flexibility,关节柔性,
actuators dynamics,执行器动力学,
friction,摩擦,
"Luyben, W.L.","Luyben, W.L.",
Simple method for tuning SISO controllers in multivariable systems,多变量系统中SISO控制器整定的简单方法,
Ind. Eng. Chem. Process Des. Dev.,Ind. Eng. Chem. Process Des. Dev.,
"Madadi, A.","Madadi, A.",
"Motlagh, M.M.","Motlagh, M.M.",
grey wolf optimizer algorithm,灰狼优化算法,
Tech. J. Eng. Appl. Sci.,Tech. J. Eng. Appl. Sci.,
"Mamizadeh, A.","Mamizadeh, A.",
"Genc, N.","Genc, N.",
PI controller,PI控制器,
boost DC-DC converters,升压DC-DC变换器,
"Man, K.-F.","Man, K.-F.",
"Tang, K.-S.","Tang, K.-S.",
"Kwong, S.","Kwong, S.",
engineering design,工程设计,
IEEE Trans. Ind. Electron.,IEEE Trans. Ind. Electron.,
objective value,目标值,
functional evaluation,函数评估,
universal framework,通用框架,
Shilane et al.,Shilane 等人,
formal theoretical investigation,形式化理论探究,
Chiarandini et al.,Chiarandini 等人,
Natural World,自然世界,
biological evolution,生物进化,
intelligent algorithm,智能算法,
NP-hard optimization problem,NP难优化问题,
self-regulating metaheuristic,自调节元启发式算法,
self-evolving metaheuristic,自进化元启发式算法,
fully intelligent metaheuristic,全智能元启发式算法,
Convergence analysis,收敛性分析,
mathematical analysis,数学分析,
optimization problem,优化问题,
large-scale nonlinear global optimization,大规模非线性全局优化,
NP-hard problem,NP难问题,
GWO,灰狼优化,
memetic algorithm,模因算法,
dynamic optimization,动态优化,
local amplification,局部放大,
global heterogeneity,全局异质性,
Blum and Roli,Blum 和 Roli,
parameter fine-tuning,参数微调,
Dokeroglu et al.,Dokeroglu 等人,
parameter-free metaheuristic algorithm,无参数元启发式算法,
Statistical analysis approach,统计分析方法,
transfer learning,迁移学习,
Talbi,Talbi,
population-based metaheuristic algorithm,基于种群的元启发式算法,
Alba et al.,Alba 等人,
exploration vs exploitation,探索与利用,
convergence,收敛,
searching ability,搜索能力,
local optimum vs global optimum,局部最优与全局最优,
Hussain et al.,Hussain 等人,
self-adapting metaheuristic algorithm,自适应元启发式算法,
self-tuning metaheuristic algorithm,自调参元启发式算法,
self-evolving scalable metaheuristic algorithm,自进化可扩展元启发式算法,
decision variable,决策变量,
Sala and Müller,Sala 和 Müller,
metaheuristic bat-inspired algorithm,元启发式蝙蝠算法,
Nature Inspired Cooperative Strategies for Optimization,自然启发协作优化策略,
NICSO 2010,NICSO 2010,
Metaheuristic optimization,元启发式优化,
algorithm analysis and open problems,算法分析与开放问题,
International Symposium on Experimental Algorithms,国际实验算法研讨会,
Bat algorithm for multi-objective optimisation,多目标优化的蝙蝠算法,
Flower pollination algorithm,花朵授粉算法,
International Conference on Unconventional Computing and Natural Computation,国际非常规计算与自然计算会议,
Lévy flights,莱维飞行,
World Congress on Nature & Biologically Inspired Computing,世界自然与生物启发计算大会,
NaBIC,NaBIC,
Engineering optimisation by cuckoo search,基于布谷鸟搜索的工程优化,
pathfinder algorithm,探路者算法,
grey wolf,灰狼,
whale,鲸鱼,
water cycle,水循环,
ant lion,蚁狮,
sine-cosine algorithms,正弦余弦算法,
optimization of a vehicle engine connecting rod,车辆发动机连杆优化,
Mater. Test.,Mater. Test.,
sensorless controller,无传感器控制器,
pmsm,永磁同步电机,
"The 6th Power Electronics, Drive Systems & Technologies Conference",第六届电力电子、驱动系统与技术会议,
PEDSTC2015,PEDSTC2015,
prediction of the temperature in a Chinese solar greenhouse,中国日光温室温度预测,
LSSVM,最小二乘支持向量机,
improved PSO,改进粒子群优化,
Comput. Electron. Agric.,Comput. Electron. Agric.,
teaching–learning-based optimization algorithm,教与学优化算法,
optimal tuning of PID control,PID控制最优整定,
single machine infinite bus,单机无穷大母线,
2019 International Conference on Technologies and Policies in Electric Power & Energy,2019年国际电力能源技术与政策会议,
Water wave optimization,水波优化,
nature-inspired metaheuristic,自然启发式元启发方法,
Comput. Oper. Res.,Comput. Oper. Res.,
single phase inverter,单相逆变器,
ABC,人工蜂群算法,
"2019 5th International Conference on Control, Automation and Robotics",2019年第五届国际控制、自动化与机器人会议,
ICCAR,ICCAR,
parametric optimization of spacecraft attitude tracking controller,航天器姿态跟踪控制器参数优化,
Foundations and Practical Applications of Cognitive Systems and Information Processing,认知系统与信息处理的基础与实践应用,
Automatic tuning of optimum PID controllers,最优PID控制器自动整定,
IEE Proceedings D (Control Theory and Applications),IEE Proceedings D（控制理论与应用）,
IET,IET,
Optimum settings for automatic controllers,自动控制器最优设置,
Ziegler,Ziegler,
Nichols,Nichols,
control algorithms for autonomous quadrotors,自主四旋翼飞行器控制算法,
Open J. Appl. Sci.,Open J. Appl. Sci.,
International Conference on Information Systems Design and Intelligent Applications 2012,2012年信息系统设计与智能应用国际会议,
INDIA 2012,INDIA 2012,
Visakhapatnam,维沙卡帕特南,
India,印度,
January 2012,2012年1月,
"Glover, F.","Glover, F.",
Tabu search,禁忌搜索,
adaptive memory programming,自适应记忆编程,
Interfaces in Computer Science and Operations Research,计算机科学与运筹学中的接口,
"Gogna, A.","Gogna, A.",
"Tayal, A.","Tayal, A.",
J. Exp. Theor. Artif. Intell.,J. Exp. Theor. Artif. Intell.,
"Goldbogen, J.A.","Goldbogen, J.A.",
"Friedlaender, A.S.","Friedlaender, A.S.",
"Calambokidis, J.","Calambokidis, J.",
"Mckenna, M.F.","Mckenna, M.F.",
"Simon, M.","Simon, M.",
"Nowacek, D.P.","Nowacek, D.P.",
baleen whale diving behavior,须鲸潜水行为,
feeding performance,摄食性能,
foraging ecology,觅食生态学,
BioScience,BioScience,
"Goldenberg, D.E.","Goldenberg, D.E.",
"Grimm, G.","Grimm, G.",
"Messina, M.J.","Messina, M.J.",
"Tuna, S.E.","Tuna, S.E.",
"Teel, A.R.","Teel, A.R.",
Nominally robust model predictive control,名义鲁棒模型预测控制,
state constraints,状态约束,
"Haber, R.E.","Haber, R.E.",
"Haber-Haber, R.","Haber-Haber, R.",
"Del Toro, R.M.","Del Toro, R.M.",
"Alique, J.R.","Alique, J.R.",
time-delay systems,时滞系统,
high-performance drilling process,高性能钻孔过程,
International Work-Conference on Artificial Neural Networks,国际人工神经网络工作会议,
"Haddad, O.B.","Haddad, O.B.",
"Afshar, A.","Afshar, A.",
"Mariño, M.A.","Mariño, M.A.",
Honey-bees mating optimization (HBMO) algorithm,蜜蜂交配优化（HBMO）算法,
water resources optimization,水资源优化,
Water Resour. Manag.,Water Resour. Manag.,
Industrial adaptive controllers,工业自适应控制器,
frequency response techniques,频率响应技术,
"Hahn, J.","Hahn, J.",
Handbook of PI and PID controller tuning rules,PI和PID控制器整定规则手册,
"Hajihassani, M.","Hajihassani, M.",
"Armaghani, D.J.","Armaghani, D.J.",
"Kalatehjari, R.","Kalatehjari, R.",
geotechnical engineering,岩土工程,
Geotech. Geolog. Eng.,Geotech. Geolog. Eng.,
"Hambali, N.","Hambali, N.",
"Masngut, A.","Masngut, A.",
"Ishak, A.A.","Ishak, A.A.",
"Janin, Z.","Janin, Z.",
Process controllability,过程可控性,
flow control system,流量控制系统,
Ziegler-Nichols (ZN) tuning,齐格勒-尼科尔斯（ZN）整定,
Cohen-Coon (CC) tuning,科恩-库恩（CC）整定,
Chien-Hrones-Reswick (CHR) tuning,Chien-Hrones-Reswick（CHR）整定,
"IEEE International Conference on Smart Instrumentation, Measurement and Applications",IEEE智能仪器测量与应用国际会议,
ICSIMA,ICSIMA,
"Hang, C.C.","Hang, C.C.",
"Ho, W.K.","Ho, W.K.",
Refinements of the Ziegler–Nichols tuning formula,齐格勒-尼科尔斯整定公式的改进,
"Hanseth, O.","Hanseth, O.",
"Aanestad, M.","Aanestad, M.",
Design as bootstrapping,自举式设计,
ICT networks in health care,医疗保健中的ICT网络,
Methods Inf. Med.,Methods Inf. Med.,
"Harifi, S.","Harifi, S.",
"Khalilian, M.","Khalilian, M.",
"Mohammadzadeh, J.","Mohammadzadeh, J.",
"Ebrahimnejad, S.","Ebrahimnejad, S.",
Emperor penguins colony,帝企鹅群,
Evol. Intell.,Evol. Intell.,
"Harris, T.J.","Harris, T.J.",
Assessment of control loop performance,控制回路性能评估,
Can. J. Chem. Eng.,Can. J. Chem. Eng.,
"Hekimoğlu, B.","Hekimoğlu, B.",
"Ekinci, S.","Ekinci, S.",
"Kaya, S.","Kaya, S.",
PID controller design,PID控制器设计,
DC-DC buck converter,DC-DC降压变换器,
International Conference on Artificial Intelligence and Data Processing,人工智能与数据处理国际会议,
IDAP,IDAP,
"Herlambang, T.","Herlambang, T.",
"Rahmalia, D.","Rahmalia, D.",
"Yulianto, T.","Yulianto, T.",
ant colony optimization (ACO),蚁群优化（ACO）,
autonomous underwater vehicle (AUV) control system,自主水下航行器（AUV）控制系统,
Journal of Physics: Conference Series,物理学报：会议系列,
IOP Publishing,IOP Publishing,
"Hernandez, J.","Hernandez, J.",
"Salto, C.","Salto, C.",
"Minetti, G.","Minetti, G.",
"Carnero, M.","Carnero, M.",
"Sanchez, M.C.","Sanchez, M.C.",
Hybrid simulated annealing,混合模拟退火,
optimal cost instrumentation in chemical plants,化工厂最优成本仪表配置,
Chem. Eng. Trans.,Chem. Eng. Trans.,
"Gan, O.","Gan, O.",
"Tay, E.B.","Tay, E.B.",
"Ang, E.","Ang, E.",
Performance and gain and phase margins,性能与增益及相位裕度,
PID tuning formulas,PID整定公式,
"Hof, P.R.","Hof, P.R.",
"Van der Gucht, E.","Van der Gucht, E.",
cerebral cortex of the humpback whale,座头鲸大脑皮层,
megaptera novaeangliae,megaptera novaeangliae,
cetacea,鲸目,
mysticeti,须鲸亚目,
balaenopteridae,鳁鲸科,
Adv. Integr. Anat. Evol. Biol.,Adv. Integr. Anat. Evol. Biol.,
"Holland, J.H.","Holland, J.H.",
Adaptation in Natural and Artificial Systems,自然与人工系统中的适应,
The University of Michigan Press,密歇根大学出版社,
"Hosseini, H.S.","Hosseini, H.S.",
Problem solving by intelligent water drops,智能水滴求解问题,
"Houssein, E.H.","Houssein, E.H.",
"Saad, M.R.","Saad, M.R.",
"Hashim, F.A.","Hashim, F.A.",
"Shaban, H.","Shaban, H.",
"Hassaballah, M.","Hassaballah, M.",
Lévy flight distribution,莱维飞行分布,
engineering optimization problems,工程优化问题,
"Huang, B.","Huang, B.",
"Shah, S.","Shah, S.",
"Kwok, E.","Kwok, E.",
Performance assessment of multivariable processes,多变量过程性能评估,
"Shah, S.L.","Shah, S.L.",
Performance Assessment of Control Loops: Theory and Applications,控制回路性能评估：理论与应用,
Springer Science & Business Media,Springer Science & Business Media,
"Hussain, K.","Hussain, K.",
"Salleh, M.N.M.","Salleh, M.N.M.",
"Cheng, S.","Cheng, S.",
"Shi, Y.","Shi, Y.",
Metaheuristic research,元启发式研究,
Artif. Intell. Rev.,Artif. Intell. Rev.,
"Hussain, K.M.","Hussain, K.M.",
"Zepherin, R.A.R.","Zepherin, R.A.R.",
"Shantha, M.","Shantha, M.",
FOPTD system,一阶加纯滞后系统,
"Hussien, A.G.","Hussien, A.G.",
"Amin, M.","Amin, M.",
"Abd El Aziz, M.","Abd El Aziz, M.",
moth-flame optimisation,蛾焰优化,
"Huynh, B.-P.","Huynh, B.-P.",
"Su, S.-F.","Su, S.-F.",
"Kuo, Y.-L.","Kuo, Y.-L.",
Vision/position hybrid control,视觉/位置混合控制,
hexa robot,六足机器人,
real-time pose adjustment,实时位姿调整,
Symmetry,Symmetry,
"Jackson, W.G.","Jackson, W.G.",
"Özcan, E.","Özcan, E.",
"John, R.I.","John, R.I.",
Move acceptance in local search metaheuristics,局部搜索元启发式中的移动接受,
cross-domain search,跨域搜索,
Rao et al.,Rao等人,
Rao and Kalyankar,Rao和Kalyankar,
TLBO,TLBO,
PID parameter tuning,PID参数整定,
AVR,AVR,
AGC,AGC,
magnetic levitation system,磁悬浮系统,
thermal system,热力系统,
Lozi Map-based Chaotic Optimization Algorithm,Lozi映射混沌优化算法,
LCOA,LCOA,
GA,遗传算法,
Pattern Search,模式搜索,
Simulated Algorithm,模拟算法,
Ziegler–Nichols,齐格勒-尼科尔斯,
Cohen–Coon,科恩-库恩,
Frequency response methods,频率响应法,
Hagglund,Hagglund,
Astrom,Astrom,
adaptive techniques,自适应技术,
Optimization methods,优化方法,
feedback optimal control system,反馈最优控制系统,
mathematical programming,数学规划,
numerical optimization technique,数值优化技术,
evolutionary algorithms,进化算法,
mathematical programming problem (MPP),数学规划问题,
chaotic optimization,混沌优化,
evolutionary multi-objective optimization,进化多目标优化,
glow-worm optimization,萤火虫优化,
Adaptive tuning methods,自适应整定方法,
real-time tuning,实时整定,
plant dynamics,被控对象动态特性,
Artificial bee colony optimization,人工蜂群优化,
Karaboga,Karaboga,
Artificial Bee Colony (ABC),人工蜂群算法 (ABC),
metaheuristic,元启发式,
honey bees,蜜蜂,
foraging habit,觅食习性,
hive,蜂巢,
employed foraging bees,雇佣蜂,
unemployed foraging bees,非雇佣蜂,
food sources,食物源,
forager recruitment,招募觅食者,
positive feedback,正反馈,
negative feedback,负反馈,
self-organization,自组织,
collective intelligence,集体智慧,
combinatorial problem,组合优化问题,
building blocks,构块,
trajectory optimization,轨迹优化,
parameter optimization,参数优化,
remote sensing applications,遥感应用,
ABC for PID tuning,用于PID整定的ABC,
population-based algorithm,基于种群的算法,
population size,种群大小,
colony size (SN),蜂群大小 (SN),
maximum generation number,最大代数,
maximum cycle number (MCN),最大循环次数 (MCN),
limit,限制参数,
benchmark functions,基准函数,
overshoot,超调,
minimal error,最小误差,
fractional order systems,分数阶系统,
hub motion,轮毂运动,
end point vibration suppression,端点振动抑制,
double-link flexible robotic manipulator,双连杆柔性机器人机械臂,
bench scaled nonlinear dynamical system (NLDS),台架缩比非线性动力学系统 (NLDS),
"Talbi, E.-G.","Talbi, E.-G.",
Machine learning into metaheuristics: a survey and taxonomy of data- driven metaheuristics,机器学习在元启发式算法中的应用：数据驱动元启发式算法的综述与分类,
"Tamura, K.","Tamura, K.",
"Yasuda, K.","Yasuda, K.",
Primary study of spiral dynamics inspired optimization,螺旋动力学启发优化的初步研究,
IEEJ Trans. Electr. Electron. Eng.,IEEJ电气与电子工程汇刊,
"Tan, W.","Tan, W.",
"Marquez, H.J.","Marquez, H.J.",
"Chen, T.","Chen, T.",
Performance assessment of PID controllers,PID控制器性能评估,
Control Intell. Syst.,控制与智能系统,
"Yuan, Y.","Yuan, Y.",
"Niu, Y.","Niu, Y.",
Tuning of PID controller for unstable process,不稳定过程的PID控制器整定,
Proceedings of the 1999 IEEE International Conference on Control Applications,1999年IEEE控制应用国际会议论文集,
"Tan, Y.","Tan, Y.",
Fireworks algorithm for optimization,烟花算法优化,
International Conference in Swarm Intelligence,国际群体智能会议,
"Tang, W.","Tang, W.",
"Wu, Q.","Wu, Q.",
Biologically inspired optimization: a review,生物启发优化综述,
"Tavares, R.S.","Tavares, R.S.",
"Sato, A.K.","Sato, A.K.",
"Martins, T.C.","Martins, T.C.",
"Lima, R.G.","Lima, R.G.",
"Tsuzuki, M.S.G.","Tsuzuki, M.S.G.",
GPU acceleration of absolute EIT image reconstruction using simulated annealing,基于模拟退火的绝对EIT图像重建GPU加速,
Biomed. Signal Process. Control,生物医学信号处理与控制,
"Tikhamarine, Y.","Tikhamarine, Y.",
"Souag-Gamane, D.","Souag-Gamane, D.",
"Ahmed, A.N.","Ahmed, A.N.",
"Kisi, O.","Kisi, O.",
"El-Shafie, A.","El-Shafie, A.",
J. Hydrol.,水文学杂志,
"Valluru, S.K.","Valluru, S.K.",
"Singh, M.","Singh, M.",
Int. J. Control Theory Appl.,国际控制理论与应用杂志,
"Varty, Z.","Varty, Z.",
Simulated annealing overview,模拟退火概述,
"Verma, P.","Verma, P.",
"Patel, N.","Patel, N.",
"Nair, N.-K.C.","Nair, N.-K.C.",
2016 IEEE 2nd Annual Southern Power Electronics Conference,2016年IEEE第二届南方电力电子年会,
SPEC,SPEC,
"Verma, S.K.","Verma, S.K.",
"Nagar, S.K.","Nagar, S.K.",
Recent Adv. Electr. Electron. Eng.,电气与电子工程最新进展,
"Vijay, D.","Vijay, D.",
"Banu, U.S.","Banu, U.S.",
2016 Online International Conference on Green Engineering and Technologies,2016年绿色工程与技术在线国际会议,
IC-GET,IC-GET,
"Alvarez-Gallegos, J.","Alvarez-Gallegos, J.",
Off-line PID control tuning for a planar parallel robot using DE variants,基于差分进化变体的平面并联机器人离线PID控制整定,
"Wang, C.","Wang, C.",
"Cheng, H.Z.","Cheng, H.Z.",
plant growth simulation algorithm,植物生长模拟算法,
IEEE Trans. Power Syst.,IEEE电力系统汇刊,
"Wang, G.-G.","Wang, G.-G.",
Elephant herding optimization,象群优化,
2015 3rd International Symposium on Computational and Business Intelligence,2015年第三届计算与商业智能国际研讨会,
ISCBI,ISCBI,
"Alavi, A.H.","Alavi, A.H.",
"Gong, D.","Gong, D.",
"A comprehensive review of krill herd algorithm: variants, hybrids and applications",磷虾群算法综述：变体、混合与应用,
"Wang, J.-J.","Wang, J.-J.",
Simulation studies of inverted pendulum based on PID controllers,基于PID控制器的倒立摆仿真研究,
"Wang, Q.","Wang, Q.",
"Spronck, P.","Spronck, P.",
"Tracht, R.","Tracht, R.",
An overview of genetic algorithms applied to control engineering problems,遗传算法在控制工程问题中的应用综述,
Proceedings of the 2003 International Conference on Machine Learning and Cybernetics,2003年机器学习与控制论国际会议论文集,
"Wang, Q.-G.","Wang, Q.-G.",
"Hang, C.-C.","Hang, C.-C.",
"Bi, Q.","Bi, Q.",
A technique for frequency response identification from relay feedback,基于继电反馈的频率响应辨识技术,
"Wolpert, D.H.","Wolpert, D.H.",
"Macready, W.G.","Macready, W.G.",
No free lunch theorems for optimization,无免费午餐优化定理,
"Wong, D.","Wong, D.",
"Leong, H.W.","Leong, H.W.",
"Liu, H.","Liu, H.",
Simulated Annealing for VLSI Design,模拟退火在VLSI设计中的应用,
"Wu, H.","Wu, H.",
"Xu, D.","Xu, D.",
"Yang, M.","Yang, M.",
"Zhang, X.","Zhang, X.",
Surface structure of hydroxyapatite from simulated annealing molecular dynamics simulations,基于模拟退火分子动力学模拟的羟基磷灰石表面结构,
Langmuir,Langmuir,
"Wu, X.","Wu, X.",
"Zhou, Y.","Zhou, Y.",
"Lu, Y.","Lu, Y.",
Elite opposition-based water wave optimization algorithm for global optimization,精英反向水波优化算法用于全局优化,
water wave optimization algorithm,水波优化算法,
"Wu, Z.","Wu, Z.",
"Ma, Y.","Ma, Y.",
multi-objective cuckoo search algorithm,多目标布谷鸟搜索算法,
Appl. Energy,应用能源,
"Xia, S.","Xia, S.",
Application of greenhouse temperature prediction based on pso-rbf neural network,基于粒子群优化径向基函数神经网络的温室温度预测应用,
pso-rbf neural network,PSO-RBF神经网络,
Comput. Eng. Des.,计算机工程与设计,
"Xu, Y.","Xu, Y.",
"Fan, P.","Fan, P.",
"Yuan, L.","Yuan, L.",
A simple and efficient artificial bee colony algorithm,一种简单高效的人工蜂群算法,
"Yachen, Z.","Yachen, Z.",
"Yueming, H.","Yueming, H.",
On PID controllers based on simulated annealing algorithm,基于模拟退火算法的PID控制器研究,
2008 27th Chinese Control Conference,2008年第27届中国控制会议,
"Yadav, S.","Yadav, S.",
"Mishra, A.","Mishra, A.",
Tuning of parameters of PID controller using grey wolf optimizer,基于灰狼优化器的PID控制器参数整定,
SSRN,SSRN,
Optimized PID controller for magnetic levitation system,磁悬浮系统的优化PID控制器,
IFAC-PapersOnLine,IFAC在线论文集,
Performance enhancement of magnetic levitation system using teaching learning based optimization,基于教学优化的磁悬浮系统性能提升,
Alex. Eng. J.,亚历山大工程杂志,
"Yaghoobi, S.","Yaghoobi, S.",
"Mojallali, H.","Mojallali, H.",
Tuning of a PID controller using improved chaotic krill herd algorithm,基于改进混沌磷虾群算法的PID控制器整定,
improved chaotic krill herd algorithm,改进混沌磷虾群算法,
Optik,Optik,
"Yang, B.","Yang, B.",
"Wang, J.","Wang, J.",
"Yu, T.","Yu, T.",
"Yao, W.","Yao, W.",
"Shu, H.","Shu, H.",
"Zeng, F.","Zeng, F.",
Comprehensive overview of meta-heuristic algorithm applications on PV cell parameter identification,元启发式算法在光伏电池参数辨识中的应用综述,
Energy Convers. Manag.,能源转换与管理,
Firefly algorithms for multimodal optimization,多模态优化的萤火虫算法,
International Symposium on Stochastic Algorithms,随机算法国际研讨会,
frequency overshoot,频率超调,
undershoot,下冲,
tie-line power deviation,联络线功率偏差,
natural bats,自然蝙蝠,
sound waves,声波,
echolocation,回声定位,
microbats,微型蝙蝠,
ultra-sound pulses,超声波脉冲,
frequency tuning,频率调谐,
pulse emission,脉冲发射,
wavelength,波长,
detection precision,检测精度,
application illustration flowchart,应用流程图,
real-world problems,实际问题,
hard optimization problems,困难优化问题,
structural Optimization,结构优化,
classification,分类,
electrical power systems,电力系统,
aerospace engineering,航空航天工程,
petroleum engineering,石油工程,
nuclear engineering,核工程,
process plants,过程工厂,
connected tank liquid level control system,连通罐液位控制系统,
mineral oil,矿物油,
food manufacturing,食品制造,
water purification,水净化,
centrally controlled PI controller,集中控制PI控制器,
coal gas turbine,燃气轮机,
non-linear multidimensional process,非线性多维过程,
control loops,控制回路,
speed control,速度控制,
brushless direct current drive,无刷直流驱动器,
microelectromechanical systems (MEMS) gyroscopes,微机电系统陀螺仪,
classical methods of PID parameters tuning,PID参数整定的经典方法,
Ziegler-Nichols tuning method,齐格勒-尼科尔斯整定方法,
closed-loop,闭环,
open-loop,开环,
"Srinivas et al., 2014",Srinivas 等人，2014,
GA-PID controller,GA-PID 控制器,
tuning techniques,调优技术,
three tank level process control systems,三水箱液位过程控制系统,
classic PID controller,经典 PID 控制器,
computer simulation,计算机仿真,
set point tracking,设定点跟踪,
Z-N technique,Z-N 技术,
C-C technique,C-C 技术,
genetic algorithm centered PID methodology,基于遗传算法的 PID 方法,
peak overshoot,峰值超调,
integral square error,积分平方误差,
system dynamics variations,系统动态变化,
nonlinear process control systems,非线性过程控制系统,
transportation lags,传输滞后,
Emmanuel and Inyiama (2015),Emmanuel 和 Inyiama (2015),
robot manipulator controller design strategies,机器人机械臂控制器设计策略,
harsh environs,恶劣环境,
PID controller tuning approaches,PID 控制器调优方法,
conventional Ziegler Nichol’s (ZN) software tool,传统 Ziegler Nichol (ZN) 软件工具,
fuzzy logic,模糊逻辑,
Artificial Neural Network (ANN),人工神经网络 (ANN),
disturbance elimination settling time,扰动消除稳定时间,
PID tuner,PID 调谐器,
Fister et al. (2016),Fister 等人 (2016),
reactive evolutionary algorithms,反应式进化算法,
"reactive, swarm intelligence-based algorithms",反应式群体智能算法,
bat,蝙蝠算法,
hybrid bat,混合蝙蝠算法,
Cuckoo Search (CS),布谷鸟搜索 (CS),
statistical analysis,统计分析,
Dixit and Pragati Joshi (2016),Dixit 和 Pragati Joshi (2016),
automated voltage regulators,自动电压调节器,
synchronous generators,同步发电机,
Automatic Voltage Regulators (AVR),自动电压调节器 (AVR),
rise time,上升时间,
voltage control,电压控制,
Kim and Cho (2006),Kim 和 Cho (2006),
hybrid technique,混合技术,
PID controller for an AVR,AVR 的 PID 控制器,
Bacterial Foraging (BF),细菌觅食 (BF),
test functions,测试函数,
mutation,突变,
crossover,交叉,
step size variation,步长变化,
chemotactic steps,趋化步骤,
bacteria life duration,细菌生命周期,
GA-BF,GA-BF,
GA-PSO,GA-PSO,
"Jhankal and Adhyaru, 2011","Jhankal 和 Adhyaru, 2011",
BFO,BFO,
Escherichia coli,大肠杆菌,
"Niu et al., 2010","Niu 等人, 2010",
"Bayoumi and Salem, 2012","Bayoumi 和 Salem, 2012",
BF-PID,BF-PID,
GA-PID,GA-PID,
"dos Santos Coelho and da Costa Silveira, 2006","dos Santos Coelho 和 da Costa Silveira, 2006",
robotic manipulator,机器人操纵器,
chemotactic step parameter,趋化步长参数,
Uniform,均匀分布,
Gaussian,高斯分布,
Cauchy probability distributions,柯西概率分布,
"Ali and Majhi, 2006","Ali 和 Majhi, 2006",
integral of time error squared,时间误差平方积分,
ISTE,ISTE,
"Korani et al., 2009","Korani 等人, 2009",
"Rajinikanth and Latha, 2012","Rajinikanth 和 Latha, 2012",
"Benbouabdallah and Zhu, 2013","Benbouabdallah 和 Zhu, 2013",
"Huynh et al., 2020","Huynh 等人, 2020",
permanent magnet synchronous motor,永磁同步电机,
"Agarwal et al., 2017","Agarwal 等人, 2017",
Direct Current,直流电,
"Jasim, 2018","Jasim, 2018",
Multi-variable Input and Multi-variable Output,多变量输入多变量输出,
MIMO,MIMO,
"Sivakumar et al., 2016","Sivakumar 等人, 2016",
metaheuristic classification,元启发式分类,
operational procedure,操作流程,
controller variables,控制器变量,
compliance,符合度,
application requirements,应用需求,
non-dominated performance trade-offs,非支配性能权衡,
SA,模拟退火,
natural selection,自然选择,
natural genetics,自然遗传学,
Krishnakumar,Krishnakumar,
Goldberg,Goldberg,
Sreekanth,Sreekanth,
Hari,Hari,
Man,Man,
global search,全局搜索,
natural evolution,自然进化,
probabilistic optimization,概率优化,
local minima,局部极小值,
high dimensionality,高维性,
gradient decent,梯度下降,
Goldenberg,Goldenberg,
Meena,Meena,
Devanshu,Devanshu,
system stability,系统稳定性,
static index,静态指标,
dynamic index,动态指标,
system robustness,系统鲁棒性,
control system,控制系统,
PID parameters,PID参数,
DC motor speed control,直流电机速度控制,
Joseph,Joseph,
power system stability,电力系统稳定性,
Mohammed,Mohammed,
cascade control,级联控制,
Patil,Patil,
Lakhekar,Lakhekar,
Amaral,Amaral,
demand controller calibration,需求控制器校准,
multi-objective mathematical programming,多目标数学规划,
adaptive-optimization tuning approaches,自适应优化整定方法,
controller settings,控制器设置,
Multi-Objective Problem (MOP),多目标问题,
Computational Intelligence (CI),计算智能,
soft computing approaches,软计算方法,
intelligent control,智能控制,
Mathematics,数学,
agricultural engineering,农业工程,
structural design,结构设计,
greenhouse gas emission,温室气体排放,
Medicine,医学,
image processing,图像处理,
telecommunication,电信,
PID controller parameters tuning,PID控制器参数整定,
evolutionary background study,进化背景研究,
controller structures,控制器结构,
tuning MOP(s),整定多目标问题,
PID configuration problems,PID配置问题,
Hajihassani,Hajihassani,
financial,金融,
economics,经济学,
security and military,安全与军事,
biological,生物学,
Khare and Rangnekar,Khare 和 Rangnekar,
structural engineering,结构工程,
hydrological engineering,水文工程,
geotechnical civil engineering,岩土土木工程,
operations research,运筹学,
mechanical engineering,机械工程,
electronics and communication engineering,电子与通信工程,
Liu,Liu,
job scheduling model,作业调度模型,
energy usage,能耗,
profit,利润,
Zhang,Zhang,
swarm robotics flocking motion,群体机器人编队运动,
Dada and Ramlan,Dada 和 Ramlan,
automatic control systems,自动控制系统,
Štimac,Štimac,
active magnetic bearing,主动磁轴承,
rotating shaft,旋转轴,
electromagnetic forces,电磁力,
rotor,转子,
Chang and Chen,Chang 和 Chen,
improved version of the PSO algorithm,改进的粒子群优化算法,
PID control gains,PID控制增益,
Rajesh and Ananda,Rajesh 和 Ananda,
Unmanned Aerial Vehicle (UAV),无人机,
traditional PID controller,传统PID控制器,
Permanent Magnet DC motor,永磁直流电机,
Medewar and Munje,Medewar 和 Munje,
noise immunity,抗噪性,
steady state detection accuracy,稳态检测精度,
Joseph and Dada,Joseph 和 Dada,
Bassi,Bassi,
Integral Time Absolute Error,积分时间绝对误差,
ITAE,ITAE,
Integral Time Square Error,积分时间平方误差,
ITSE,ITSE,
Mean Square Error,均方误差,
Integral Error,积分误差,
Martins (2005),Martins (2005),
da Silva et al. (2019),da Silva 等 (2019),
Jin et al. (2018),Jin 等 (2018),
Soni and Bhatt (2013),Soni 和 Bhatt (2013),
Garpinger et al. (2014),Garpinger 等 (2014),
heating tank,加热罐,
Hussain et al. (2014),Hussain 等 (2014),
Bhawana and Neelu (2017),Bhawana 和 Neelu (2017),
coupled tank system,耦合水箱系统,
trajectory tracking,轨迹跟踪,
Unmanned Aerial Vehicle,无人机,
UAV,UAV,
Gholap et al. (2017),Gholap 等 (2017),
time domain analysis,时域分析,
SA-PID,SA-PID,
PSO-PID,PSO-PID,
engineering,工程,
environmental modeling,环境建模,
medical and bio informatics,医学与生物信息学,
condenser,冷凝器,
ZN tuning scheme,齐格勒-尼科尔斯整定方案,
transient reaction stipulations,暂态响应指标,
voltage regulation,电压调节,
wind turbine,风力发电机,
swarm intelligent algorithm,群体智能算法,
Gandomi and Alavi,Gandomi和Alavi,
biologically motivated approach,生物学启发方法,
Yang and Deb,Yang和Deb,
2009,2009年,
cuckoo,布谷鸟,
brood parasitism,巢寄生,
Cuckoo Optimization Algorithm (COA),布谷鸟优化算法(COA),
function optimization,函数优化,
engineering optimization,工程优化,
scheduling,调度,
planning,规划,
forecasting,预测,
PID controller parameters,PID控制器参数,
Van der Pol oscillator,范德波尔振荡器,
capsizing problem,倾覆问题,
buck-boost converter,升降压变换器,
LED driver circuit,LED驱动电路,
Maximum Power Point Tracking (MPPT),最大功率点跟踪(MPPT),
PV system,光伏系统,
induction motor,感应电机,
derivative term,微分项,
integral term,积分项,
reset time,复位时间,
integral time,积分时间,
integral gain,积分增益,
error term,误差项,
error signal,误差信号,
set value,设定值,
actual output,实际输出,
proportional factor,比例因子,
integrative action,积分作用,
differential action,微分作用,
proportional gain,比例增益,
current error term,当前误差项,
past error term,过去误差项,
future error term,未来误差项,
linear mathematical model,线性数学模型,
manual mode,手动模式,
automatic mode,自动模式,
industrial control structure,工业控制结构,
control loop feedback mechanism,控制回路反馈机制,
set point,设定点,
steady-state mistake,稳态误差,
gain,增益,
Muliadi,Muliadi,
Kusumoputro,Kusumoputro,
Mange,Mange,
Kushwah,Kushwah,
Patra,Patra,
Whale optimization implementation flow diagram,鲸鱼优化实现流程图,
two-area interconnected non-reheat thermal power systems,两区域互联无再热火力发电系统,
Bhatt et al. (2019),Bhatt等人(2019),
Debnath et al. (2018),Debnath等人(2018),
Whale Optimization technique,鲸鱼优化技术,
multi-generation type unified system,多代类型统一系统,
Whale optimizer algorithm,鲸鱼优化算法,
2-DOF robot manipulator,二自由度机器人操纵器,
Loucif et al. (2020),Loucif等人(2020),
WOA-PID,WOA-PID,
Mosaad et al. (2019a),Mosaad等人(2019a),
Hekimoğlu et al. (2018),Hekimoğlu等人(2018),
high-performance drilling machine,高性能钻机,
Kumar and Kumar (2018),Kumar和Kumar(2018),
Heuristic algorithms,启发式算法,
Yang (2011),Yang(2011),
No-Free-Lunch assertions,无免费午餐论断,
Wolpert et al. (1997),Wolpert等人(1997),
single-objective optimization,单目标优化,
pheromone,信息素,
ACO,ACO,
PhD thesis,博士论文,
offline pheromone update,离线信息素更新,
pheromone evaporation,信息素蒸发,
Adubi and Misra,Adubi and Misra,
Sundareswaran and Nayak,Sundareswaran and Nayak,
robotic arm,机械臂,
Sandoval et al.,Sandoval等人,
ZN tuned PID,Z-N整定PID,
Priyambodo et al.,Priyambodo等人,
quadrotor,四旋翼飞行器,
Aabid et al.,Aabid等人,
optimal PID regulator,最优PID调节器,
human heart control,人类心脏控制,
re-heat thermal power system,再热火力发电系统,
Kaliannan et al.,Kaliannan等人,
Autonomous Underwater Vehicle,自主水下航行器,
AUV,自主水下航行器,
Herlambang et al.,Herlambang等人,
Yunus and Djalal,Yunus and Djalal,
Simsek et al.,Simsek等人,
multi objective ACO,多目标蚁群优化算法,
Chiha et al.,Chiha等人,
single objective constrained optimization,单目标约束优化,
Metropolis,Metropolis,
Monte-Carlo iterative approach,蒙特卡洛迭代法,
South Africa,南非,
Kirkpatrick,Kirkpatrick,
Cerny,Cerny,
solid annealing,固体退火,
VLSI design,VLSI设计,
molecular physics,分子物理学,
chemistry,化学,
job shop scheduling,作业车间调度,
multi-objective problem,多目标问题,
controllers,控制器,
stabilization time,稳定时间,
Lequin et al.,Lequin等人,
Freeman et al.,Freeman等人,
Hang et al.,Hang等人,
performance criteria,性能标准,
plant characteristics,被控对象特性,
controller structure,控制器结构,
tunable controller variables,可调控制器变量,
multi-objective optimization,多目标优化,
fuzzy-logic,模糊逻辑,
ZN,齐格勒-尼科尔斯方法,
process reaction curve,过程反应曲线,
Fuzzy Set-Point Weight (FSPW),模糊设定点加权 (FSPW),
PRC,过程反应曲线,
Ziegler and Nichols method,齐格勒-尼科尔斯方法,
Cohen Coon method,科恩-库恩方法,
Artificial Immune Systems (AIS),人工免疫系统 (AIS),
Bacteria Forage Technique (BFT),细菌觅食技术 (BFT),
Differential Evolution (DE),差分进化 (DE),
EP,进化规划,
ANN,人工神经网络,
Support Vector Machine (SVM),支持向量机 (SVM),
Response Surface Method (RSM),响应面法 (RSM),
Jain et al.,Jain 等,
Ghosal et al.,Ghosal 等,
Bacterial Foraging Optimization (BFOA),细菌觅食优化 (BFOA),
Kaveh and Zaerreza (2020),Kaveh和Zaerreza (2020),
optimization,优化,
constrained optimization,约束优化,
dynamic and noisy environment applications,动态和噪声环境应用,
electric and power systems,电力系统,
wireless and network systems,无线和网络系统,
neural network training,神经网络训练,
clustering,聚类,
industrial controllers,工业控制器,
Younesi and Tohidi (2015),Younesi和Tohidi (2015),
KH algorithm,KH算法,
PID,PID,
frequency stability,频率稳定性,
isolated wind-diesel power system,孤立风柴电力系统,
Shayanfar et al. (2015),Shayanfar等人 (2015),
Bee Colony algorithm,蜂群算法,
BC-based PID controllers (BC-PID),基于BC的PID控制器 (BC-PID),
KH-based PID controllers (KH-PID),基于KH的PID控制器 (KH-PID),
First Order Plus Dead Time system (FOPDT),一阶加死区系统 (FOPDT),
fourth order system,四阶系统,
Alikhani et al. (2013),Alikhani等人 (2013),
PID-KH algorithm,PID-KH算法,
state microgrid system,状态微电网系统,
Regad et al. (2020),Regad等人 (2020),
objective function,目标函数,
Power System Stabilizer,电力系统稳定器,
Mukherjee et al. (2019),Mukherjee等人 (2019),
Power System Restoration (PSR) Indices,电力系统恢复(PSR)指标,
Chandrasekar et al. (2017),Chandrasekar等人 (2017),
Alam et al. (2016),Alam等人 (2016),
Yaghoobi and Mojallali (2016),Yaghoobi和Mojallali (2016),
Mirjalili and Lewis (2016),Mirjalili和Lewis (2016),
Whale Optimization Algorithm (WOA),鲸鱼优化算法 (WOA),
stochastic metaheuristic algorithm,随机元启发式算法,
humpback whales,座头鲸,
bumpless transfer,无扰切换,
Anthony and Ho (2020),Anthony and Ho (2020),
PID performance evaluation,PID性能评估,
tuning,整定,
stable processes,稳定过程,
Cohen (1953),Cohen (1953),
Zhuang and Atherton (1993),Zhuang and Atherton (1993),
integrating and unstable processes,积分和不稳定过程,
Tan et al. (1999),Tan et al. (1999),
multivariate processes,多变量过程,
Luyben (1986),Luyben (1986),
performance measurements,性能测量,
minimum variance,最小方差,
Huang and Shah (1999),Huang and Shah (1999),
Harris (1989),Harris (1989),
closed loop performance,闭环性能,
Tan et al. (2004),Tan et al. (2004),
Qin (1998),Qin (1998),
Huang et al. (1997),Huang et al. (1997),
setpoint tracking,设定点跟踪,
gain-phase margin,增益相位裕度,
Integral Absolute Error,积分绝对误差,
"Bansal et al., 2014",Bansal 等人，2014,
"Suman et al., 2010",Suman 等人，2010,
OSA,OSA,
"Yachen and Yueming, 2008",Yachen 和 Yueming，2008,
SA algorithm,SA算法,
motion control system,运动控制系统,
constant disturbance,恒定干扰,
permanent magnet brushless dc motor,永磁无刷直流电机,
PMBLDCMPID,PMBLDCMPID,
"Shatnawi and Bayoumi, 2019",Shatnawi 和 Bayoumi，2019,
response parameters index,响应参数指标,
maximum overshoot,最大超调量,
SA optimization approach,SA优化方法,
PID/PI controller,PID/PI控制器,
"Lahcene et al., 2017",Lahcene 等人，2017,
attitude control system,姿态控制系统,
re-entry capsule,再入舱,
"Vijay and Banu, 2016",Vijay 和 Banu，2016,
DC-DC power converters,DC-DC电源转换器,
"Alqudah et al., 2014",Alqudah 等人，2014,
"Siddique and Adeli, 2016",Siddique 和 Adeli，2016,
"Suman and Kumar, 2006",Suman 和 Kumar，2006,
"Sibalija, 2018",Sibalija，2018,
"Varty, 2017",Varty，2017,
metaheuristic optimization algorithm,元启发式优化算法,
"Mirjalili et al., 2014",Mirjalili 等人，2014,
social hierarchy,社会等级,
hunting tactics,狩猎策略,
social dominant hierarchy,社会优势等级,
candidate solution,候选解,
hunting behavior,狩猎行为,
"Goldbogen et al., 2013",Goldbogen 等人，2013,
"Muro et al., 2011",Muro 等人，2011,
prey,猎物,
fuzzy logic algorithms,模糊逻辑算法,
Ghosal et al. (2012),Ghosal等(2012),
Swam intelligence computation,群体智能计算,
tuning strategies,整定策略,
CHR,CHR,
Sen et al. (2015),Sen等(2015),
Shahrokhi and Zomorrodi (2012),Shahrokhi和Zomorrodi(2012),
Talbi (2009),Talbi(2009),
heuristics,启发式算法,
randomization,随机化,
stochastic algorithms,随机算法,
global exploration,全局探索,
Classification of metaheuristic algorithms,元启发式算法分类,
nature-inspired,自然启发型,
non-nature-inspired,非自然启发型,
evolutionary,进化型,
physics-based,物理型,
swarm-based,群体型,
human-based algorithms,人类型算法,
population,群体,
single point search,单点搜索,
dynamic,动态的,
static,静态的,
memory utilization,记忆利用,
memory-less approaches,无记忆方法,
neighborhood structures,邻域结构,
Beheshti and Shamsuddin (2013),Beheshti和Shamsuddin(2013),
Nojhan (2007),Nojhan(2007),
Jackson et al. (2018),Jackson等(2018),
single-solution,单解,
multiple-solution problems,多解问题,
Passino,Passino,
Bacteria Foraging Optimization,细菌觅食优化,
Chemotaxis,趋化性,
Das et al.,Das等,
Datta and Nandakumar,Datta和Nandakumar,
Jhankal and Adhyaru,Jhankal和Adhyaru,
Huynh et al.,Huynh等,
Agrawal et al.,Agrawal等,
Niu et al.,Niu等,
Tang and Wu,Tang和Wu,
Rani and Kumar,Rani和Kumar,
spindle cells,纺锤体细胞,
"Hof and Van der Gucht, 2007","Hof and Van der Gucht, 2007",
prey encirclement,猎物包围,
bubble nets,气泡网,
fitness function,适应度函数,
search agent,搜索代理,
position update,位置更新,
objective functions,目标函数,
electrical engineering,电气工程,
civil engineering,土木工程,
computer networks,计算机网络,
industrial engineering,工业工程,
task scheduling,任务调度,
nonlinear loads,非线性负载,
variable operating points,可变工作点,
time delays,时延,
"Mirjalili and Lewis, 2016","Mirjalili and Lewis, 2016",
"Gharehchopogh and Gholizadeh, 2019","Gharehchopogh and Gholizadeh, 2019",
"Adhirai et al., 2018","Adhirai et al., 2018",
"Mirjalili et al., 2020","Mirjalili et al., 2020",
"Mohammed et al., 2019","Mohammed et al., 2019",
"Kaveh and Rastegar Moghaddam, 2018","Kaveh and Rastegar Moghaddam, 2018",
"Algabalawy et al., 2018","Algabalawy et al., 2018",
"Elhosseini et al., 2019","Elhosseini et al., 2019",
"Pham et al., 2020","Pham et al., 2020",
"Khalilpourazari et al., 2019","Khalilpourazari et al., 2019",
"Chen et al., 2020","Chen et al., 2020",
"Saha and Saikia, 2017","Saha and Saikia, 2017",
Kennedy and Eberhart (1995),Kennedy和Eberhart（1995）,
PSO algorithm,PSO算法,
de Almeida and Leite (2019),de Almeida和Leite（2019）,
social activities,社会活动,
birds,鸟类,
fish shoals,鱼群,
humans,人类,
Ribeiro et al. (2017),Ribeiro等人（2017）,
social behavior,社会行为,
neighbors,邻居,
past performance,过去表现,
surroundings,环境,
culture’s adjustment process,文化适应过程,
assess,评估,
compare,比较,
mimic,模仿,
mental talents,心理才能,
flow diagram,流程图,
Song and Gu (2004),Song和Gu（2004）,
optimization capability,优化能力,
parameters,参数,
population diversity,种群多样性,
electronics,电子学,
network security,网络安全,
mute selection,静音选择,
emergent system identification,涌现系统辨识,
performance metrics,性能指标,
metaheuristic optimization algorithms,元启发式优化算法,
open research problems,开放性研究问题,
metaheuristic optimization approaches,元启发式优化方法,
industrial practitioners,工业从业者,
Cohen-Coon tuning method,Cohen-Coon整定方法,
Cohen,Cohen,
Coon,Coon,
First Order Plus Time Delay (FOLPD) model,一阶加时滞模型,
load turbulence,负载扰动,
Hambali et al.,Hambali等人,
Azman et al.,Azman等人,
Ziegler Nichols approach,Ziegler-Nichols方法,
Gain and Phase Method,增益相位法,
automatic loop tuners,自动回路整定器,
ZN test,ZN测试,
relay nonlinearity,继电器非线性,
Nyquist curve,奈奎斯特曲线,
controller pretuning parameters,控制器预整定参数,
Nyquist plot,奈奎斯特图,
phase margin,相位裕度,
gain margin,增益裕度,
robust loop shaping strategy,鲁棒回路整形策略,
McFarlane,McFarlane,
Glover,Glover,
"Chien, Hrones, and Reswick (CHR) technique",Chien-Hrones-Reswick (CHR) 技术,
ZN Open Loop technique,ZN开环技术,
proportional term,比例项,
proportional parameter,比例参数,
steady state error,稳态误差,
derivative time,微分时间,
closed loop time constant,闭环时间常数,
Nagaraj et al. (2008),Nagaraj 等人 (2008),
armature control,电枢控制,
continuous cycle approach,连续循环方法,
ZN step response methodology,ZN 阶跃响应方法,
Evolutionary Programming (EP),进化规划 (EP),
steady state characteristics,稳态特性,
Zulu and John (2014),Zulu 和 John (2014),
quadrotors,四旋翼飞行器,
hybrid control structures,混合控制结构,
adaptability,适应性,
optimality,最优性,
tracking ability,跟踪能力,
Linear Quadratic Regulator (LQR),线性二次调节器 (LQR),
Sliding mode,滑模,
Backstepping,反步,
Feedback linearization,反馈线性化,
Adaptive,自适应,
Robust,鲁棒,
Optimal,最优,
Divya and Nirmalkumar (2018),Divya 和 Nirmalkumar (2018),
A Survey on Tuning of PID Controller for Industrial Process Using Soft Computing Techniques,基于软计算技术的工业过程PID控制器整定综述,
Neural Networks (NN),神经网络 (NN),
Kumar and Bawa,Kumar and Bawa,
Shaheen et al.,Shaheen等,
DrEO et al.,DrEO等,
Beheshti and Shamsuddin,Beheshti and Shamsuddin,
Gogna and Tayal,Gogna and Tayal,
Hussien et al.,Hussien等,
Abdel-Basset et al.,Abdel-Basset等,
Fig. 4,图4,
meta-heuristics algorithms classification/taxonomy,元启发式算法分类/分类法,
BoussaïD et al.,BoussaïD等,
analytical classical PID tuning techniques,解析经典PID整定技术,
Ribeiro et al.,Ribeiro等,
Reis et al.,Reis等,
optimization approach,优化方法,
steady-state regime,稳态,
heuristic techniques,启发式技术,
Latha et al.,Latha等,
architectural simplicity,结构简单性,
fast response,快速响应,
traditional optimization approaches,传统优化方法,
higher-dimensional optimization problems,高维优化问题,
block diagram,框图,
Literature review,文献综述,
PID parameters optimization,PID参数优化,
ant-colony algorithm,蚁群算法,
International Conference on Automation and Computing,自动化与计算国际会议,
ICAC,ICAC,
Optimal tuning of PID controllers,PID控制器最优整定,
IEEE/ASME International Conference on Advanced Intelligent Mechatronics,IEEE/ASME先进智能机电一体化国际会议,
Offline auto-tuning of a PID controller,PID控制器离线自整定,
extended classifier system (XCS) algorithm,扩展分类器系统(XCS)算法,
Journal of Advanced Computer Engineering and Technology,高级计算机工程与技术杂志,
Modified cuckoo search algorithm,改进布谷鸟搜索算法,
rough sets,粗糙集,
Neural Computing and Applications,神经计算与应用,
Meng et al. (2014),Meng 等 (2014),
Basic Krill Head application flow diagram,基本 Krill Head 应用流程图,
expert,专家,
scientist,科学家,
Gandomi and Alavi (2012),Gandomi 和 Alavi (2012),
Li et al. (2014a),Li 等 (2014a),
Wang et al. (2019),Wang 等 (2019),
engineering problem,工程问题,
continuous optimization,连续优化,
combinatorial,组合优化,
Integral term (I),积分项 (I),
offset,偏移,
system,系统,
reaction speed,反应速度,
oscillations,振荡,
integral control,积分控制,
proportional control,比例控制,
error,误差,
Reset rate,复位速率,
time factor,时间因子,
Iout,Iout,
integral part,积分部分,
controller output,控制器输出,
Wu et al. (2017),Wu等人(2017),
Primal-Dual Asynchronous Particle Swarm Optimization (pdAPSO),原始-对偶异步粒子群优化(pdAPSO),
Dada et al. (2017),Dada等人(2017),
Primal-Dual Particle Swarm Optimization (pdPSO),原始-对偶粒子群优化(pdPSO),
Dada and Ramlan (2018),Dada和Ramlan(2018),
Farm Fertility,农场肥力,
Shayanfar and Gharehchopogh (2018),Shayanfar和Gharehchopogh(2018),
Coyote Optimization Algorithm (COA),郊狼优化算法(COA),
Pierezan and Coelho (2018),Pierezan和Coelho(2018),
krill,磷虾,
Optimisation techniques,优化技术,
PID controller tuning parameters,PID控制器整定参数,
cost functions,代价函数,
Srinivas et al. (2014),Srinivas 等人 (2014),
Optimum tuning parameters of PID controller,PID控制器最优整定参数,
Z-N method,齐格勒-尼科尔斯方法,
Holland,Holland,
Cordón,Cordón,
Genetic Algorithm (GA),遗传算法 (GA),
Scatter Search (SS),分散搜索 (SS),
algorithm,算法,
insect swarm behavior,昆虫群体行为,
combinatorial issues,组合问题,
metaheuristic method,元启发式方法,
combinatorial optimization issues,组合优化问题,
artificial ants,人工蚂蚁,
Squirrel Search Algorithm (SSA),松鼠搜索算法,
Jain et al. (2019),Jain等人(2019),
Algorithm of the Innovative Gunner (AIG),创新炮手算法,
Pijarski and Kacejko (2019),Pijarski和Kacejko(2019),
Butterfly Optimization Algorithm (BOA),蝴蝶优化算法,
Arora and Singh (2019),Arora和Singh(2019),
Levy Flight Distribution (LFD),列维飞行分布,
Houssein et al. (2020),Houssein等人(2020),
Shuffled Shepherd Optimization Algorithm (SSOA),混洗牧羊人优化算法,
Li et al. (2014c),Li等人(2014c),
Centripetal Accelerated Particle Swarm Optimization (CAPSO),向心加速粒子群优化(CAPSO),
Beheshti and Shamsuddin (2014),Beheshti和Shamsuddin(2014),
Grey Wolf optimization (GWO),灰狼优化(GWO),
Mirjalili et al. (2014),Mirjalili等人(2014),
Bumble Bees Mating Optimization,大黄蜂交配优化,
Marinakis and Marinaki (2014),Marinakis和Marinaki(2014),
Crisscross Optimization Algorithm (COA),纵横交叉优化算法(COA),
Table 3. Comprehensive list of some popular metaheuristic algorithms (2015–2020),表3. 一些流行的元启发式算法综合列表（2015–2020）,
Zheng (2015),Zheng (2015),
Javidy et al. (2015),Javidy 等 (2015),
Eberhart and Kennedy (1995),Eberhart和Kennedy (1995),
Storn and Price (1997),Storn和Price (1997),
Cross Entropy Method (CEM),交叉熵方法 (CEM),
Rubinstein (1997),Rubinstein (1997),
Partial Optimization Metaheuristic Under Special Intensification Conditions (POPMUSIC),特殊强化条件下的部分优化元启发式 (POPMUSIC),
Taillard and Voss (2002),Taillard和Voss (2002),
Harmony Search (HS),和声搜索 (HS),
Geem et al. (2001),Geem等人 (2001),
Wolf Pack Search and Local Search (WPS-LS),狼群搜索与局部搜索（WPS-LS）,
Dong et al. (2019),Dong等人（2019）,
Chaotic Dolphin Swarm Algorithm (CDSA),混沌海豚群算法（CDSA）,
Qiao and Yang (2019),Qiao和Yang（2019）,
Emperor Penguins Colony (EPC),帝企鹅群落（EPC）,
Harifi et al. (2019),Harifi等人（2019）,
Pathfinder Algorithm (PFA),寻路者算法（PFA）,
Yapici and Cetinkaya (2019),Yapici和Cetinkaya（2019）,
Moscato,Moscato,
Qasem,Qasem,
Shamsuddin,Shamsuddin,
Ant Colony Algorithm (ACO),蚁群算法 (ACO),
Multi-Objective GA (MOGA),多目标遗传算法 (MOGA),
Reactive Search Optimization (RSO),反应式搜索优化 (RSO),
Battiti,Battiti,
Tecchiolli,Tecchiolli,
Raven Roosting Optimization Algorithm,乌鸦栖息优化算法,
Brabazon et al. (2016),Brabazon等人(2016),
FIFA World Cup Competitions Algorithm,国际足联世界杯竞争算法,
Razmjooy et al. (2016),Razmjooy等人(2016),
Al-Azza et al. (2016),Al-Azza等人(2016),
Smart Structured Algorithm (SSA),智能结构化算法,
Salmani and Eshghi (2017),Salmani和Eshghi(2017),
Opposition-Based Water Wave Optimization,基于对立的水波优化算法,
Flower Pollination Algorithm (FPA),花授粉算法 (FPA),
Yang (2012b),Yang (2012b),
Differential Search Algorithm (DSA),差分搜索算法 (DSA),
Civicioglu (2012),Civicioglu (2012),
Firefly Algorithm (FA) with chaos,混沌萤火虫算法 (FA),
Gandomi et al. (2013),Gandomi 等人 (2013),
Colliding Bodies Optimization (CBO),碰撞体优化算法 (CBO),
Kaveh and Mahdavi (2014),Kaveh 和 Mahdavi (2014),
2005,2005年,
Invasive Weed Optimization,入侵杂草优化,
IWO,IWO,
Mehrabian and Lucas,Mehrabian和Lucas,
2006,2006年,
Honey-bee Mating Optimization,蜜蜂交配优化,
HMO,HMO,
Haddad et al.,Haddad等人,
Chu et al.,Chu等人,
Intelligent Water Drops,智能水滴算法,
IWD,IWD,
Hosseini,Hosseini,
Imperialist Competitive Algorithm (ICA),帝国主义竞争算法,
Atashpaz-Gargari and Lucas,Atashpaz-Gargari和Lucas,
Water Drop Optimization (WDO),水滴优化算法,
Shah-Hosseini,Shah-Hosseini,
Monkey Search (MS),猴子搜索算法,
Mucherino and Seref,Mucherino和Seref,
Firefly Algorithm (FA),萤火虫算法,
Bootstrap Algorithm (BA),Bootstrap算法,
Hanseth and Aanestad,Hanseth和Aanestad,
Beyer and Schwefel,Beyer和Schwefel,
Bees Optimization (BO),蜜蜂优化算法,
Nakrani and Tovey,Nakrani和Tovey,
Glowworm Swarm Optimization (GSO),萤火虫群优化算法,
Krishnanand and Ghose,Krishnanand和Ghose,
H∞,H无穷,
Artificial neural networks,人工神经网络,
Plant Growth Optimization,植物生长优化,
Wang and Cheng (2008),Wang和Cheng (2008),
Biogeography - Based Optimization (BBO),生物地理学优化 (BBO),
Simon (2008),Simon (2008),
League Championship Algorithm (LCA),联赛冠军算法 (LCA),
Kashan (2009),Kashan (2009),
Gravitational Search Algorithm (GSA),引力搜索算法 (GSA),
Rashedi et al. (2009),Rashedi等人 (2009),
Spiral Optimization,螺旋优化,
Tamura and Yasuda,Tamura and Yasuda,
Artificial Neural Network,人工神经网络,
Abraham et al. (2006),Abraham 等 (2006),
Simulated Annealing (SA),模拟退火 (SA),
Kirkpatrick et al. (1983),Kirkpatrick 等 (1983),
Tabu Search (TS),禁忌搜索 (TS),
Glover (1997),Glover (1997),
Artificial Immune System (AIS),人工免疫系统 (AIS),
Farmer et al. (1986),Farmer 等 (1986),
armature controlled DC motor,电枢控制直流电机,
Z-N (step response),Z-N（阶跃响应）,
Kappa-Tau Continuous cycling,Kappa-Tau连续循环,
Yang and Deb (2009),Yang and Deb（2009）,
Bat Algorithm (BA),蝙蝠算法,
Yang (2010),Yang（2010）,
Fireworks algorithm,烟花算法,
Tan and Zhu (2010),Tan and Zhu（2010）,
Chemical Reaction Algorithm,化学反应算法,
Ramaswamy and Sbalzarini (2010),Ramaswamy and Sbalzarini（2010）,
Galaxy-based Search Algorithm (GbSA),基于星系的搜索算法,
Table 1,表1,
Taxonomy,分类法,
Bharat et al. (2019),Bharat 等人 (2019),
Fuzzy Logic (FL),模糊逻辑 (FL),
2022,2022,
Social Spider Algorithm (SSA),社会蜘蛛算法 (SSA),
James and Li (2015),James and Li (2015),
Bull Optimization Algorithm,公牛优化算法,
FINDIK (2015),FINDIK (2015),
Wang et al. (2015),Wang等人 (2015),
Rao (2016),Rao (2016),
Heuristic methods,启发式方法,
C-C method,C-C法,
AIS,AIS,
Cho,Cho,
metric,度量标准,
algorithms,算法,
Matlab/Simulink,Matlab/Simulink,
manual,手动,
SVM,支持向量机,
FL,模糊逻辑,
Ziegler Nichols,齐格勒-尼科尔斯,
